time_et,open,high,low,close,volume
2026-08-17 04:00:00,18.29,18.49,18.29,18.35,35790
2026-08-17 04:01:00,18.5,18.5,18.31,18.47,52106
2026-08-17 04:02:00,18.38,18.5,18.34,18.47,34727
2026-08-17 04:03:00,18.46,18.46,18.46,18.46,206
2026-08-17 04:04:00,18.46,18.46,18.46,18.46,0
2026-08-17 04:05:00,18.48,18.49,18.32,18.32,3821
2026-08-17 04:06:00,18.5,18.5,18.4,18.5,1870
2026-08-17 04:07:00,18.52,18.54,18.52,18.52,3637
2026-08-17 04:08:00,18.5,18.52,18.5,18.52,602
2026-08-17 04:09:00,18.51,18.51,18.51,18.51,1200
2026-08-17 04:10:00,18.51,18.54,18.51,18.54,15774
2026-08-17 04:11:00,18.53,18.58,18.53,18.58,5498
2026-08-17 04:12:00,18.58,18.63,18.58,18.63,19597
2026-08-17 04:13:00,18.63,18.65,18.62,18.65,8454
2026-08-17 04:14:00,18.65,18.66,18.64,18.65,19566
2026-08-17 04:15:00,18.66,18.71,18.66,18.68,19650
2026-08-17 04:16:00,18.67,18.69,18.67,18.68,14281
2026-08-17 04:17:00,18.68,18.68,18.68,18.68,500
2026-08-17 04:18:00,18.69,18.71,18.68,18.71,7655
2026-08-17 04:19:00,18.71,18.72,18.71,18.72,14568
2026-08-17 04:20:00,18.72,18.73,18.71,18.71,23075
2026-08-17 04:21:00,18.73,18.73,18.71,18.73,1000
2026-08-17 04:22:00,18.72,18.76,18.72,18.76,14024
2026-08-17 04:23:00,18.76,18.83,18.76,18.83,53417
2026-08-17 04:24:00,18.83,18.84,18.78,18.79,9335
2026-08-17 04:25:00,18.8,18.81,18.79,18.81,4879
2026-08-17 04:26:00,18.81,18.81,18.81,18.81,1000
2026-08-17 04:27:00,18.79,18.79,18.78,18.79,100
2026-08-17 04:28:00,18.75,18.75,18.75,18.75,800
2026-08-17 04:29:00,18.75,18.75,18.75,18.75,0
2026-08-17 04:30:00,18.75,18.75,18.75,18.75,0
2026-08-17 04:31:00,18.78,18.78,18.77,18.77,5072
2026-08-17 04:32:00,18.76,18.78,18.76,18.76,820
2026-08-17 04:33:00,18.78,18.78,18.78,18.78,350
2026-08-17 04:34:00,18.76,18.77,18.69,18.7,5181
2026-08-17 04:35:00,18.72,18.72,18.72,18.72,390
2026-08-17 04:36:00,18.71,18.72,18.71,18.72,1500
2026-08-17 04:37:00,18.72,18.72,18.72,18.72,0
2026-08-17 04:38:00,18.7,18.71,18.7,18.7,200
2026-08-17 04:39:00,18.74,18.74,18.73,18.74,2627
2026-08-17 04:40:00,18.7,18.7,18.7,18.7,450
2026-08-17 04:41:00,18.7,18.71,18.7,18.7,10200
2026-08-17 04:42:00,18.69,18.7,18.69,18.7,3097
2026-08-17 04:43:00,18.7,18.7,18.7,18.7,0
2026-08-17 04:44:00,18.7,18.7,18.7,18.7,0
2026-08-17 04:45:00,18.7,18.7,18.7,18.7,0
2026-08-17 04:46:00,18.7,18.7,18.7,18.7,0
2026-08-17 04:47:00,18.68,18.69,18.68,18.68,311
2026-08-17 04:48:00,18.67,18.67,18.67,18.67,1246
2026-08-17 04:49:00,18.67,18.67,18.67,18.67,0
2026-08-17 04:50:00,18.68,18.68,18.68,18.68,100
2026-08-17 04:51:00,18.68,18.69,18.68,18.68,100
2026-08-17 04:52:00,18.7,18.7,18.68,18.68,635
2026-08-17 04:53:00,18.69,18.7,18.68,18.68,10040
2026-08-17 04:54:00,18.67,18.67,18.66,18.66,11962
2026-08-17 04:55:00,18.67,18.67,18.66,18.67,1500
2026-08-17 04:56:00,18.66,18.66,18.66,18.66,1452
2026-08-17 04:57:00,18.66,18.66,18.66,18.66,0
2026-08-17 04:58:00,18.67,18.67,18.66,18.67,158
2026-08-17 04:59:00,18.67,18.67,18.67,18.67,0
2026-08-17 05:00:00,18.66,18.66,18.66,18.66,240
2026-08-17 05:01:00,18.66,18.66,18.66,18.66,0
2026-08-17 05:02:00,18.66,18.66,18.66,18.66,2369
2026-08-17 05:03:00,18.66,18.66,18.66,18.66,250
2026-08-17 05:04:00,18.65,18.67,18.65,18.67,500
2026-08-17 05:05:00,18.65,18.65,18.65,18.65,350
2026-08-17 05:06:00,18.65,18.65,18.65,18.65,0
2026-08-17 05:07:00,18.65,18.65,18.65,18.65,0
2026-08-17 05:08:00,18.65,18.65,18.65,18.65,0
2026-08-17 05:09:00,18.65,18.65,18.65,18.65,0
2026-08-17 05:10:00,18.65,18.65,18.64,18.65,858
2026-08-17 05:11:00,18.64,18.64,18.64,18.64,100
2026-08-17 05:12:00,18.65,18.65,18.65,18.65,900
2026-08-17 05:13:00,18.66,18.66,18.65,18.65,5260
2026-08-17 05:14:00,18.65,18.65,18.65,18.65,200
2026-08-17 05:15:00,18.66,18.66,18.66,18.66,100
2026-08-17 05:16:00,18.65,18.65,18.65,18.65,500
2026-08-17 05:17:00,18.65,18.66,18.65,18.66,5000
2026-08-17 05:18:00,18.66,18.66,18.66,18.66,0
2026-08-17 05:19:00,18.66,18.66,18.66,18.66,400
2026-08-17 05:20:00,18.64,18.65,18.62,18.65,2158
2026-08-17 05:21:00,18.65,18.66,18.64,18.66,6087
2026-08-17 05:22:00,18.62,18.65,18.62,18.65,500
2026-08-17 05:23:00,18.65,18.65,18.65,18.65,0
2026-08-17 05:24:00,18.64,18.64,18.64,18.64,100
2026-08-17 05:25:00,18.64,18.64,18.64,18.64,0
2026-08-17 05:26:00,18.64,18.64,18.64,18.64,0
2026-08-17 05:27:00,18.64,18.64,18.64,18.64,0
2026-08-17 05:28:00,18.67,18.68,18.67,18.67,2068
2026-08-17 05:29:00,18.67,18.67,18.67,18.67,1000
2026-08-17 05:30:00,18.66,18.66,18.65,18.66,1000
2026-08-17 05:31:00,18.66,18.66,18.66,18.66,0
2026-08-17 05:32:00,18.66,18.66,18.66,18.66,787
2026-08-17 05:33:00,18.66,18.66,18.66,18.66,0
2026-08-17 05:34:00,18.66,18.66,18.66,18.66,0
2026-08-17 05:35:00,18.66,18.66,18.66,18.66,1040
2026-08-17 05:36:00,18.66,18.66,18.65,18.66,217
2026-08-17 05:37:00,18.65,18.65,18.65,18.65,5230
2026-08-17 05:38:00,18.65,18.65,18.65,18.65,0
2026-08-17 05:39:00,18.65,18.65,18.64,18.64,1122
2026-08-17 05:40:00,18.65,18.65,18.63,18.63,1256
2026-08-17 05:41:00,18.62,18.62,18.62,18.62,2000
2026-08-17 05:42:00,18.62,18.62,18.62,18.62,0
2026-08-17 05:43:00,18.62,18.62,18.62,18.62,0
2026-08-17 05:44:00,18.62,18.62,18.62,18.62,0
2026-08-17 05:45:00,18.64,18.64,18.64,18.64,651
2026-08-17 05:46:00,18.62,18.63,18.62,18.62,1300
2026-08-17 05:47:00,18.63,18.63,18.63,18.63,360
2026-08-17 05:48:00,18.64,18.64,18.64,18.64,224
2026-08-17 05:49:00,18.64,18.64,18.64,18.64,0
2026-08-17 05:50:00,18.65,18.65,18.62,18.62,4497
2026-08-17 05:51:00,18.62,18.63,18.62,18.62,4210
2026-08-17 05:52:00,18.63,18.63,18.63,18.63,2500
2026-08-17 05:53:00,18.63,18.63,18.63,18.63,0
2026-08-17 05:54:00,18.62,18.62,18.62,18.62,407
2026-08-17 05:55:00,18.63,18.63,18.62,18.62,4120
2026-08-17 05:56:00,18.63,18.64,18.63,18.64,917
2026-08-17 05:57:00,18.64,18.64,18.64,18.64,0
2026-08-17 05:58:00,18.62,18.63,18.62,18.62,292
2026-08-17 05:59:00,18.62,18.62,18.62,18.62,180
2026-08-17 06:00:00,18.62,18.62,18.62,18.62,0
2026-08-17 06:01:00,18.62,18.62,18.62,18.62,200
2026-08-17 06:02:00,18.62,18.62,18.62,18.62,0
2026-08-17 06:03:00,18.62,18.62,18.62,18.62,0
2026-08-17 06:04:00,18.62,18.62,18.62,18.62,0
2026-08-17 06:05:00,18.64,18.64,18.64,18.64,611
2026-08-17 06:06:00,18.64,18.64,18.64,18.64,400
2026-08-17 06:07:00,18.64,18.64,18.64,18.64,130
2026-08-17 06:08:00,18.64,18.64,18.64,18.64,872
2026-08-17 06:09:00,18.64,18.64,18.64,18.64,0
2026-08-17 06:10:00,18.64,18.64,18.63,18.63,2973
2026-08-17 06:11:00,18.63,18.63,18.63,18.63,0
2026-08-17 06:12:00,18.64,18.65,18.64,18.64,9180
2026-08-17 06:13:00,18.63,18.63,18.62,18.63,311
2026-08-17 06:14:00,18.62,18.62,18.62,18.62,2619
2026-08-17 06:15:00,18.62,18.62,18.62,18.62,721
2026-08-17 06:16:00,18.62,18.66,18.62,18.65,6381
2026-08-17 06:17:00,18.65,18.66,18.65,18.66,4960
2026-08-17 06:18:00,18.66,18.66,18.66,18.66,0
2026-08-17 06:19:00,18.66,18.66,18.66,18.66,0
2026-08-17 06:20:00,18.66,18.66,18.66,18.66,0
2026-08-17 06:21:00,18.65,18.65,18.63,18.63,309
2026-08-17 06:22:00,18.63,18.63,18.63,18.63,520
2026-08-17 06:23:00,18.63,18.63,18.63,18.63,0
2026-08-17 06:24:00,18.62,18.62,18.62,18.62,500
2026-08-17 06:25:00,18.62,18.63,18.62,18.63,1300
2026-08-17 06:26:00,18.63,18.63,18.63,18.63,0
2026-08-17 06:27:00,18.61,18.62,18.61,18.61,850
2026-08-17 06:28:00,18.61,18.61,18.61,18.61,0
2026-08-17 06:29:00,18.61,18.68,18.61,18.67,9322
2026-08-17 06:30:00,18.68,18.68,18.67,18.68,4241
2026-08-17 06:31:00,18.68,18.68,18.68,18.68,0
2026-08-17 06:32:00,18.68,18.68,18.68,18.68,0
2026-08-17 06:33:00,18.67,18.67,18.67,18.67,185
2026-08-17 06:34:00,18.66,18.66,18.66,18.66,200
2026-08-17 06:35:00,18.65,18.65,18.65,18.65,390
2026-08-17 06:36:00,18.64,18.64,18.64,18.64,100
2026-08-17 06:37:00,18.64,18.64,18.64,18.64,260
2026-08-17 06:38:00,18.64,18.64,18.64,18.64,270
2026-08-17 06:39:00,18.65,18.65,18.64,18.64,230
2026-08-17 06:40:00,18.66,18.66,18.65,18.66,1265
2026-08-17 06:41:00,18.65,18.65,18.65,18.65,1000
2026-08-17 06:42:00,18.65,18.65,18.65,18.65,100
2026-08-17 06:43:00,18.64,18.65,18.64,18.65,4311
2026-08-17 06:44:00,18.65,18.65,18.65,18.65,0
2026-08-17 06:45:00,18.64,18.65,18.64,18.65,4796
2026-08-17 06:46:00,18.62,18.62,18.61,18.62,800
2026-08-17 06:47:00,18.62,18.62,18.62,18.62,0
2026-08-17 06:48:00,18.62,18.62,18.62,18.62,0
2026-08-17 06:49:00,18.62,18.62,18.62,18.62,0
2026-08-17 06:50:00,18.64,18.64,18.62,18.62,1017
2026-08-17 06:51:00,18.62,18.62,18.62,18.62,0
2026-08-17 06:52:00,18.62,18.62,18.62,18.62,0
2026-08-17 06:53:00,18.65,18.65,18.64,18.64,294
2026-08-17 06:54:00,18.64,18.64,18.64,18.64,0
2026-08-17 06:55:00,18.64,18.64,18.64,18.64,3577
2026-08-17 06:56:00,18.64,18.64,18.62,18.64,9523
2026-08-17 06:57:00,18.65,18.65,18.65,18.65,460
2026-08-17 06:58:00,18.64,18.65,18.64,18.65,600
2026-08-17 06:59:00,18.65,18.65,18.64,18.65,1028
2026-08-17 07:00:00,18.64,18.66,18.62,18.63,39146
2026-08-17 07:01:00,18.63,18.65,18.63,18.64,2821
2026-08-17 07:02:00,18.66,18.66,18.65,18.65,1933
2026-08-17 07:03:00,18.65,18.65,18.64,18.65,650
2026-08-17 07:04:00,18.65,18.65,18.65,18.65,0
2026-08-17 07:05:00,18.66,18.66,18.65,18.65,13751
2026-08-17 07:06:00,18.65,18.7,18.65,18.69,13842
2026-08-17 07:07:00,18.69,18.7,18.68,18.69,2235
2026-08-17 07:08:00,18.69,18.69,18.69,18.69,419
2026-08-17 07:09:00,18.69,18.7,18.68,18.69,12058
2026-08-17 07:10:00,18.68,18.69,18.67,18.69,7450
2026-08-17 07:11:00,18.68,18.69,18.68,18.68,120
2026-08-17 07:12:00,18.67,18.68,18.66,18.66,3260
2026-08-17 07:13:00,18.66,18.66,18.65,18.65,4796
2026-08-17 07:14:00,18.65,18.65,18.64,18.64,1510
2026-08-17 07:15:00,18.67,18.67,18.66,18.66,388
2026-08-17 07:16:00,18.65,18.66,18.65,18.66,900
2026-08-17 07:17:00,18.65,18.66,18.65,18.65,2500
2026-08-17 07:18:00,18.65,18.66,18.65,18.65,2950
2026-08-17 07:19:00,18.65,18.66,18.65,18.65,5100
2026-08-17 07:20:00,18.65,18.66,18.65,18.66,1370
2026-08-17 07:21:00,18.65,18.66,18.65,18.66,1960
2026-08-17 07:22:00,18.66,18.66,18.66,18.66,0
2026-08-17 07:23:00,18.66,18.66,18.66,18.66,0
2026-08-17 07:24:00,18.66,18.67,18.65,18.65,2520
2026-08-17 07:25:00,18.65,18.66,18.65,18.65,680
2026-08-17 07:26:00,18.65,18.65,18.65,18.65,0
2026-08-17 07:27:00,18.65,18.66,18.65,18.65,2200
2026-08-17 07:28:00,18.65,18.66,18.65,18.65,7500
2026-08-17 07:29:00,18.65,18.66,18.65,18.65,100
2026-08-17 07:30:00,18.65,18.66,18.65,18.65,994
2026-08-17 07:31:00,18.65,18.66,18.65,18.65,1230
2026-08-17 07:32:00,18.65,18.65,18.64,18.65,3349
2026-08-17 07:33:00,18.64,18.65,18.64,18.64,5215
2026-08-17 07:34:00,18.64,18.67,18.64,18.67,5665
2026-08-17 07:35:00,18.66,18.67,18.66,18.67,4000
2026-08-17 07:36:00,18.67,18.69,18.66,18.69,19289
2026-08-17 07:37:00,18.68,18.69,18.67,18.68,1650
2026-08-17 07:38:00,18.68,18.68,18.67,18.68,330
2026-08-17 07:39:00,18.68,18.68,18.67,18.68,5970
2026-08-17 07:40:00,18.68,18.68,18.67,18.67,1200
2026-08-17 07:41:00,18.67,18.69,18.67,18.68,3514
2026-08-17 07:42:00,18.68,18.69,18.68,18.68,108
2026-08-17 07:43:00,18.68,18.68,18.68,18.68,250
2026-08-17 07:44:00,18.68,18.69,18.66,18.69,4274
2026-08-17 07:45:00,18.69,18.7,18.68,18.7,9063
2026-08-17 07:46:00,18.69,18.7,18.69,18.7,1927
2026-08-17 07:47:00,18.69,18.7,18.69,18.69,2771
2026-08-17 07:48:00,18.69,18.7,18.69,18.69,2246
2026-08-17 07:49:00,18.7,18.7,18.69,18.7,2450
2026-08-17 07:50:00,18.7,18.7,18.69,18.7,5200
2026-08-17 07:51:00,18.7,18.7,18.68,18.69,7409
2026-08-17 07:52:00,18.68,18.7,18.68,18.7,4559
2026-08-17 07:53:00,18.7,18.7,18.69,18.69,2350
2026-08-17 07:54:00,18.69,18.69,18.69,18.69,500
2026-08-17 07:55:00,18.7,18.7,18.69,18.7,1008
2026-08-17 07:56:00,18.69,18.7,18.69,18.7,3337
2026-08-17 07:57:00,18.69,18.7,18.69,18.69,4710
2026-08-17 07:58:00,18.68,18.68,18.68,18.68,1700
2026-08-17 07:59:00,18.67,18.67,18.67,18.67,100
2026-08-17 08:00:00,18.68,18.68,18.68,18.68,100
2026-08-17 08:01:00,18.68,18.69,18.68,18.68,1425
2026-08-17 08:02:00,18.68,18.68,18.67,18.68,1341
2026-08-17 08:03:00,18.67,18.68,18.66,18.67,8139
2026-08-17 08:04:00,18.66,18.67,18.66,18.67,480
2026-08-17 08:05:00,18.66,18.68,18.66,18.66,2646
2026-08-17 08:06:00,18.67,18.67,18.66,18.67,430
2026-08-17 08:07:00,18.66,18.67,18.66,18.67,4314
2026-08-17 08:08:00,18.68,18.68,18.66,18.66,6027
2026-08-17 08:09:00,18.68,18.68,18.67,18.68,580
2026-08-17 08:10:00,18.68,18.69,18.68,18.68,2495
2026-08-17 08:11:00,18.69,18.69,18.67,18.67,309
2026-08-17 08:12:00,18.69,18.69,18.68,18.69,2127
2026-08-17 08:13:00,18.69,18.69,18.68,18.69,700
2026-08-17 08:14:00,18.69,18.69,18.67,18.67,6826
2026-08-17 08:15:00,18.69,18.69,18.68,18.69,600
2026-08-17 08:16:00,18.69,18.69,18.67,18.69,1300
2026-08-17 08:17:00,18.69,18.69,18.69,18.69,700
2026-08-17 08:18:00,18.69,18.7,18.69,18.69,5100
2026-08-17 08:19:00,18.69,18.69,18.68,18.69,300
2026-08-17 08:20:00,18.69,18.69,18.68,18.68,2070
2026-08-17 08:21:00,18.69,18.69,18.68,18.68,972
2026-08-17 08:22:00,18.69,18.7,18.68,18.7,2685
2026-08-17 08:23:00,18.68,18.69,18.68,18.68,250
2026-08-17 08:24:00,18.68,18.7,18.68,18.7,1630
2026-08-17 08:25:00,18.68,18.7,18.68,18.69,5629
2026-08-17 08:26:00,18.69,18.69,18.61,18.64,9120
2026-08-17 08:27:00,18.63,18.63,18.61,18.61,900
2026-08-17 08:28:00,18.64,18.64,18.61,18.61,761
2026-08-17 08:29:00,18.64,18.64,18.61,18.63,1055
2026-08-17 08:30:00,18.63,18.65,18.63,18.64,200
2026-08-17 08:31:00,18.63,18.63,18.61,18.63,6031
2026-08-17 08:32:00,18.63,18.63,18.61,18.61,3502
2026-08-17 08:33:00,18.6,18.62,18.6,18.62,5121
2026-08-17 08:34:00,18.6,18.62,18.6,18.61,6353
2026-08-17 08:35:00,18.61,18.61,18.6,18.6,330
2026-08-17 08:36:00,18.6,18.62,18.58,18.62,4361
2026-08-17 08:37:00,18.59,18.6,18.59,18.59,1916
2026-08-17 08:38:00,18.58,18.61,18.57,18.57,2450
2026-08-17 08:39:00,18.57,18.58,18.56,18.58,1280
2026-08-17 08:40:00,18.57,18.58,18.57,18.58,910
2026-08-17 08:41:00,18.59,18.6,18.59,18.59,2600
2026-08-17 08:42:00,18.59,18.6,18.58,18.6,3665
2026-08-17 08:43:00,18.58,18.58,18.56,18.58,1434
2026-08-17 08:44:00,18.56,18.6,18.56,18.6,2320
2026-08-17 08:45:00,18.58,18.6,18.57,18.58,9139
2026-08-17 08:46:00,18.57,18.58,18.57,18.58,503
2026-08-17 08:47:00,18.58,18.58,18.58,18.58,0
2026-08-17 08:48:00,18.58,18.58,18.57,18.58,2150
2026-08-17 08:49:00,18.57,18.57,18.56,18.56,13794
2026-08-17 08:50:00,18.56,18.58,18.56,18.58,1253
2026-08-17 08:51:00,18.58,18.58,18.57,18.57,4112
2026-08-17 08:52:00,18.57,18.58,18.57,18.58,956
2026-08-17 08:53:00,18.58,18.6,18.56,18.57,7827
2026-08-17 08:54:00,18.57,18.57,18.56,18.57,1205
2026-08-17 08:55:00,18.59,18.59,18.58,18.59,598
2026-08-17 08:56:00,18.6,18.6,18.58,18.6,1411
2026-08-17 08:57:00,18.59,18.59,18.57,18.57,1130
2026-08-17 08:58:00,18.58,18.6,18.57,18.6,1988
2026-08-17 08:59:00,18.6,18.6,18.58,18.58,1500
2026-08-17 09:00:00,18.59,18.59,18.59,18.59,330
2026-08-17 09:01:00,18.59,18.59,18.58,18.59,1779
2026-08-17 09:02:00,18.59,18.59,18.58,18.59,1258
2026-08-17 09:03:00,18.58,18.59,18.58,18.59,1379
2026-08-17 09:04:00,18.58,18.59,18.58,18.58,2369
2026-08-17 09:05:00,18.58,18.59,18.58,18.58,1300
2026-08-17 09:06:00,18.59,18.6,18.58,18.59,20313
2026-08-17 09:07:00,18.59,18.59,18.58,18.58,3151
2026-08-17 09:08:00,18.59,18.59,18.59,18.59,156
2026-08-17 09:09:00,18.58,18.59,18.58,18.59,212
2026-08-17 09:10:00,18.58,18.59,18.58,18.59,2590
2026-08-17 09:11:00,18.59,18.59,18.58,18.59,1350
2026-08-17 09:12:00,18.59,18.59,18.58,18.58,7120
2026-08-17 09:13:00,18.58,18.59,18.58,18.59,500
2026-08-17 09:14:00,18.58,18.59,18.58,18.59,2118
2026-08-17 09:15:00,18.59,18.59,18.58,18.58,485
2026-08-17 09:16:00,18.59,18.59,18.58,18.59,9530
2026-08-17 09:17:00,18.59,18.59,18.58,18.58,2379
2026-08-17 09:18:00,18.59,18.59,18.58,18.58,1700
2026-08-17 09:19:00,18.57,18.59,18.57,18.58,4244
2026-08-17 09:20:00,18.59,18.59,18.57,18.57,6567
2026-08-17 09:21:00,18.59,18.59,18.55,18.56,2196
2026-08-17 09:22:00,18.55,18.58,18.55,18.57,4481
2026-08-17 09:23:00,18.57,18.57,18.55,18.55,1360
2026-08-17 09:24:00,18.57,18.58,18.55,18.58,1775
2026-08-17 09:25:00,18.57,18.58,18.57,18.57,100
2026-08-17 09:26:00,18.58,18.61,18.58,18.61,10929
2026-08-17 09:27:00,18.6,18.62,18.55,18.6,58599
2026-08-17 09:28:00,18.61,18.68,18.61,18.68,27607
2026-08-17 09:29:00,18.69,18.7,18.67,18.7,19892
2026-08-17 09:30:00,18.68,18.73,18.47,18.47,1093356
2026-08-17 09:31:00,18.47,18.62,18.37,18.61,443612
2026-08-17 09:32:00,18.62,18.73,18.57,18.68,194422
2026-08-17 09:33:00,18.68,18.68,18.44,18.5,149927
2026-08-17 09:34:00,18.49,18.53,18.46,18.49,126880
2026-08-17 09:35:00,18.51,18.74,18.51,18.72,208641
2026-08-17 09:36:00,18.73,18.88,18.73,18.87,705258
2026-08-17 09:37:00,18.86,18.96,18.82,18.84,666720
2026-08-17 09:38:00,18.84,18.88,18.78,18.79,280941
2026-08-17 09:39:00,18.79,18.85,18.67,18.67,368265
2026-08-17 09:40:00,18.67,18.68,18.62,18.65,280127
2026-08-17 09:41:00,18.65,18.67,18.59,18.63,207713
2026-08-17 09:42:00,18.63,18.65,18.53,18.54,334527
2026-08-17 09:43:00,18.54,18.55,18.44,18.47,179692
2026-08-17 09:44:00,18.47,18.48,18.4,18.4,133917
2026-08-17 09:45:00,18.4,18.49,18.36,18.45,220161
2026-08-17 09:46:00,18.45,18.47,18.33,18.36,225782
2026-08-17 09:47:00,18.36,18.41,18.35,18.38,189734
2026-08-17 09:48:00,18.38,18.42,18.37,18.41,140573
2026-08-17 09:49:00,18.4,18.44,18.38,18.43,83323
2026-08-17 09:50:00,18.42,18.46,18.41,18.45,191464
2026-08-17 09:51:00,18.46,18.59,18.44,18.55,305621
2026-08-17 09:52:00,18.55,18.57,18.46,18.46,127344
2026-08-17 09:53:00,18.46,18.48,18.4,18.4,121317
2026-08-17 09:54:00,18.4,18.47,18.4,18.46,95621
2026-08-17 09:55:00,18.47,18.47,18.44,18.45,60711
2026-08-17 09:56:00,18.45,18.46,18.4,18.4,85647
2026-08-17 09:57:00,18.4,18.45,18.4,18.43,47297
2026-08-17 09:58:00,18.42,18.44,18.39,18.43,104557
2026-08-17 09:59:00,18.43,18.45,18.41,18.44,121142
2026-08-17 10:00:00,18.44,18.45,18.37,18.37,115451
2026-08-17 10:01:00,18.37,18.41,18.37,18.4,56741
2026-08-17 10:02:00,18.4,18.45,18.4,18.41,75920
2026-08-17 10:03:00,18.41,18.45,18.4,18.43,44236
2026-08-17 10:04:00,18.44,18.45,18.4,18.41,109901
2026-08-17 10:05:00,18.41,18.43,18.4,18.43,97130
2026-08-17 10:06:00,18.43,18.47,18.42,18.46,119490
2026-08-17 10:07:00,18.46,18.48,18.46,18.48,69315
2026-08-17 10:08:00,18.47,18.51,18.47,18.48,93732
2026-08-17 10:09:00,18.48,18.51,18.47,18.5,84704
2026-08-17 10:10:00,18.51,18.58,18.51,18.58,112711
2026-08-17 10:11:00,18.57,18.59,18.55,18.57,188359
2026-08-17 10:12:00,18.57,18.58,18.55,18.56,105474
2026-08-17 10:13:00,18.55,18.56,18.51,18.52,51491
2026-08-17 10:14:00,18.51,18.54,18.45,18.45,127928
2026-08-17 10:15:00,18.45,18.48,18.45,18.46,59485
2026-08-17 10:16:00,18.46,18.47,18.45,18.46,52933
2026-08-17 10:17:00,18.45,18.49,18.43,18.43,178108
2026-08-17 10:18:00,18.44,18.45,18.35,18.36,203506
2026-08-17 10:19:00,18.36,18.39,18.33,18.38,154048
2026-08-17 10:20:00,18.38,18.43,18.38,18.4,142490
2026-08-17 10:21:00,18.4,18.42,18.4,18.4,63344
2026-08-17 10:22:00,18.41,18.41,18.35,18.36,157319
2026-08-17 10:23:00,18.36,18.42,18.36,18.39,63882
2026-08-17 10:24:00,18.39,18.4,18.35,18.36,58515
2026-08-17 10:25:00,18.36,18.39,18.35,18.36,88488
2026-08-17 10:26:00,18.36,18.41,18.35,18.39,87171
2026-08-17 10:27:00,18.39,18.44,18.39,18.44,61205
2026-08-17 10:28:00,18.43,18.46,18.43,18.45,93007
2026-08-17 10:29:00,18.46,18.48,18.45,18.47,78381
2026-08-17 10:30:00,18.48,18.49,18.46,18.48,73971
2026-08-17 10:31:00,18.49,18.49,18.45,18.45,66907
2026-08-17 10:32:00,18.45,18.46,18.4,18.4,72397
2026-08-17 10:33:00,18.4,18.41,18.38,18.38,70401
2026-08-17 10:34:00,18.39,18.42,18.38,18.41,31659
2026-08-17 10:35:00,18.42,18.42,18.36,18.4,134631
2026-08-17 10:36:00,18.4,18.41,18.35,18.36,107803
2026-08-17 10:37:00,18.36,18.37,18.34,18.36,79268
2026-08-17 10:38:00,18.36,18.36,18.32,18.32,88487
2026-08-17 10:39:00,18.32,18.35,18.32,18.34,73489
2026-08-17 10:40:00,18.34,18.36,18.33,18.34,95993
2026-08-17 10:41:00,18.35,18.36,18.34,18.36,34585
2026-08-17 10:42:00,18.36,18.36,18.32,18.32,62942
2026-08-17 10:43:00,18.32,18.35,18.32,18.34,55582
2026-08-17 10:44:00,18.34,18.35,18.33,18.34,82683
2026-08-17 10:45:00,18.33,18.34,18.32,18.33,69287
2026-08-17 10:46:00,18.33,18.33,18.31,18.32,91046
2026-08-17 10:47:00,18.32,18.33,18.31,18.32,53889
2026-08-17 10:48:00,18.32,18.34,18.31,18.34,59271
2026-08-17 10:49:00,18.34,18.35,18.33,18.34,40602
2026-08-17 10:50:00,18.35,18.35,18.34,18.34,38881
2026-08-17 10:51:00,18.34,18.35,18.32,18.34,61889
2026-08-17 10:52:00,18.34,18.34,18.32,18.32,42369
2026-08-17 10:53:00,18.32,18.33,18.32,18.32,41422
2026-08-17 10:54:00,18.32,18.35,18.31,18.31,88683
2026-08-17 10:55:00,18.31,18.34,18.3,18.34,74541
2026-08-17 10:56:00,18.34,18.35,18.32,18.35,38456
2026-08-17 10:57:00,18.35,18.36,18.33,18.35,65743
2026-08-17 10:58:00,18.34,18.39,18.33,18.38,105641
2026-08-17 10:59:00,18.39,18.41,18.39,18.4,110502
2026-08-17 11:00:00,18.41,18.44,18.4,18.44,107623
2026-08-17 11:01:00,18.44,18.48,18.43,18.48,172669
2026-08-17 11:02:00,18.48,18.49,18.44,18.45,140698
2026-08-17 11:03:00,18.45,18.47,18.43,18.43,66066
2026-08-17 11:04:00,18.44,18.46,18.42,18.45,83658
2026-08-17 11:05:00,18.46,18.49,18.45,18.47,68913
2026-08-17 11:06:00,18.47,18.49,18.46,18.49,71512
2026-08-17 11:07:00,18.48,18.49,18.45,18.45,34120
2026-08-17 11:08:00,18.46,18.46,18.42,18.43,48549
2026-08-17 11:09:00,18.43,18.45,18.43,18.45,37700
2026-08-17 11:10:00,18.45,18.46,18.43,18.45,65176
2026-08-17 11:11:00,18.45,18.46,18.44,18.45,22366
2026-08-17 11:12:00,18.46,18.47,18.44,18.45,70592
2026-08-17 11:13:00,18.45,18.47,18.44,18.44,64851
2026-08-17 11:14:00,18.45,18.45,18.43,18.43,59176
2026-08-17 11:15:00,18.43,18.45,18.42,18.43,35758
2026-08-17 11:16:00,18.43,18.44,18.4,18.4,101038
2026-08-17 11:17:00,18.4,18.42,18.4,18.4,83886
2026-08-17 11:18:00,18.4,18.5,18.4,18.46,296396
2026-08-17 11:19:00,18.46,18.46,18.4,18.41,77836
2026-08-17 11:20:00,18.4,18.42,18.4,18.41,43720
2026-08-17 11:21:00,18.41,18.43,18.39,18.39,81656
2026-08-17 11:22:00,18.39,18.4,18.37,18.39,98913
2026-08-17 11:23:00,18.4,18.4,18.36,18.38,57876
2026-08-17 11:24:00,18.39,18.39,18.34,18.35,94050
2026-08-17 11:25:00,18.34,18.36,18.34,18.36,67261
2026-08-17 11:26:00,18.36,18.37,18.35,18.36,42514
2026-08-17 11:27:00,18.36,18.37,18.34,18.36,153227
2026-08-17 11:28:00,18.35,18.37,18.34,18.36,50555
2026-08-17 11:29:00,18.37,18.38,18.36,18.37,66578
2026-08-17 11:30:00,18.38,18.39,18.37,18.38,70740
2026-08-17 11:31:00,18.38,18.38,18.35,18.35,64215
2026-08-17 11:32:00,18.36,18.36,18.33,18.35,92655
2026-08-17 11:33:00,18.34,18.35,18.34,18.34,16909
2026-08-17 11:34:00,18.34,18.36,18.34,18.34,22495
2026-08-17 11:35:00,18.34,18.36,18.34,18.34,59023
2026-08-17 11:36:00,18.34,18.35,18.28,18.29,392370
2026-08-17 11:37:00,18.29,18.31,18.28,18.3,104338
2026-08-17 11:38:00,18.3,18.31,18.29,18.3,106256
2026-08-17 11:39:00,18.31,18.32,18.3,18.3,103851
2026-08-17 11:40:00,18.3,18.33,18.3,18.33,191341
2026-08-17 11:41:00,18.32,18.35,18.32,18.35,87751
2026-08-17 11:42:00,18.34,18.35,18.34,18.34,28934
2026-08-17 11:43:00,18.35,18.37,18.34,18.36,78148
2026-08-17 11:44:00,18.36,18.36,18.31,18.32,133585
2026-08-17 11:45:00,18.33,18.35,18.32,18.34,34522
2026-08-17 11:46:00,18.34,18.34,18.32,18.32,22973
2026-08-17 11:47:00,18.33,18.33,18.31,18.31,27174
2026-08-17 11:48:00,18.31,18.33,18.31,18.32,23038
2026-08-17 11:49:00,18.32,18.34,18.32,18.33,18242
2026-08-17 11:50:00,18.34,18.34,18.32,18.32,45974
2026-08-17 11:51:00,18.33,18.34,18.32,18.34,19664
2026-08-17 11:52:00,18.33,18.35,18.33,18.35,47574
2026-08-17 11:53:00,18.35,18.37,18.34,18.37,152161
2026-08-17 11:54:00,18.37,18.37,18.36,18.37,45407
2026-08-17 11:55:00,18.36,18.37,18.34,18.34,66404
2026-08-17 11:56:00,18.34,18.35,18.34,18.34,11815
2026-08-17 11:57:00,18.35,18.35,18.32,18.32,35848
2026-08-17 11:58:00,18.33,18.33,18.32,18.32,19099
2026-08-17 11:59:00,18.32,18.33,18.32,18.32,15749
2026-08-17 12:00:00,18.32,18.33,18.3,18.3,80788
2026-08-17 12:01:00,18.3,18.33,18.3,18.33,52824
2026-08-17 12:02:00,18.33,18.35,18.32,18.34,61357
2026-08-17 12:03:00,18.34,18.35,18.34,18.35,49751
2026-08-17 12:04:00,18.35,18.35,18.32,18.33,66905
2026-08-17 12:05:00,18.33,18.36,18.33,18.35,61318
2026-08-17 12:06:00,18.34,18.35,18.32,18.32,34513
2026-08-17 12:07:00,18.32,18.32,18.3,18.32,36079
2026-08-17 12:08:00,18.31,18.33,18.31,18.31,64267
2026-08-17 12:09:00,18.31,18.32,18.31,18.31,24777
2026-08-17 12:10:00,18.31,18.33,18.31,18.32,28466
2026-08-17 12:11:00,18.32,18.33,18.31,18.32,30114
2026-08-17 12:12:00,18.33,18.34,18.33,18.34,24732
2026-08-17 12:13:00,18.34,18.34,18.32,18.32,23828
2026-08-17 12:14:00,18.32,18.33,18.31,18.32,50487
2026-08-17 12:15:00,18.31,18.32,18.31,18.31,52938
2026-08-17 12:16:00,18.31,18.32,18.3,18.31,40756
2026-08-17 12:17:00,18.31,18.32,18.3,18.3,14184
2026-08-17 12:18:00,18.31,18.31,18.29,18.29,54336
2026-08-17 12:19:00,18.29,18.3,18.29,18.29,30077
2026-08-17 12:20:00,18.29,18.3,18.29,18.29,18034
2026-08-17 12:21:00,18.29,18.31,18.29,18.3,34577
2026-08-17 12:22:00,18.3,18.31,18.3,18.3,32951
2026-08-17 12:23:00,18.3,18.31,18.28,18.29,43647
2026-08-17 12:24:00,18.29,18.29,18.27,18.29,82158
2026-08-17 12:25:00,18.28,18.29,18.26,18.27,77154
2026-08-17 12:26:00,18.27,18.28,18.27,18.27,22516
2026-08-17 12:27:00,18.27,18.28,18.27,18.28,64716
2026-08-17 12:28:00,18.29,18.29,18.28,18.29,12726
2026-08-17 12:29:00,18.29,18.3,18.28,18.29,36364
2026-08-17 12:30:00,18.29,18.32,18.29,18.31,69740
2026-08-17 12:31:00,18.32,18.32,18.29,18.29,59037
2026-08-17 12:32:00,18.29,18.3,18.28,18.29,39462
2026-08-17 12:33:00,18.29,18.29,18.27,18.28,37162
2026-08-17 12:34:00,18.27,18.28,18.21,18.25,1235464
2026-08-17 12:35:00,18.25,18.32,18.25,18.3,1083111
2026-08-17 12:36:00,18.3,18.35,18.3,18.34,95964
2026-08-17 12:37:00,18.34,18.37,18.34,18.36,94523
2026-08-17 12:38:00,18.36,18.38,18.34,18.38,112084
2026-08-17 12:39:00,18.38,18.41,18.37,18.41,93595
2026-08-17 12:40:00,18.4,18.42,18.4,18.41,100848
2026-08-17 12:41:00,18.41,18.42,18.4,18.4,71549
2026-08-17 12:42:00,18.4,18.41,18.39,18.39,128500
2026-08-17 12:43:00,18.39,18.4,18.39,18.39,17249
2026-08-17 12:44:00,18.39,18.4,18.37,18.37,32162
2026-08-17 12:45:00,18.38,18.38,18.37,18.38,51208
2026-08-17 12:46:00,18.38,18.39,18.37,18.39,82029
2026-08-17 12:47:00,18.38,18.39,18.38,18.38,9328
2026-08-17 12:48:00,18.38,18.41,18.38,18.4,84702
2026-08-17 12:49:00,18.41,18.41,18.4,18.4,75276
2026-08-17 12:50:00,18.4,18.41,18.35,18.36,73067
2026-08-17 12:51:00,18.36,18.37,18.35,18.35,48286
2026-08-17 12:52:00,18.36,18.36,18.35,18.35,50554
2026-08-17 12:53:00,18.35,18.36,18.34,18.34,56887
2026-08-17 12:54:00,18.34,18.35,18.34,18.34,37098
2026-08-17 12:55:00,18.34,18.35,18.32,18.32,58912
2026-08-17 12:56:00,18.33,18.33,18.32,18.33,51123
2026-08-17 12:57:00,18.32,18.33,18.32,18.32,30886
2026-08-17 12:58:00,18.32,18.34,18.32,18.34,30222
2026-08-17 12:59:00,18.34,18.34,18.32,18.32,41137
2026-08-17 13:00:00,18.32,18.33,18.31,18.32,23875
2026-08-17 13:01:00,18.33,18.36,18.32,18.36,37732
2026-08-17 13:02:00,18.36,18.36,18.34,18.34,17787
2026-08-17 13:03:00,18.34,18.36,18.34,18.36,21355
2026-08-17 13:04:00,18.35,18.37,18.35,18.36,33977
2026-08-17 13:05:00,18.36,18.37,18.35,18.36,51060
2026-08-17 13:06:00,18.36,18.37,18.35,18.36,36008
2026-08-17 13:07:00,18.36,18.38,18.36,18.36,77270
2026-08-17 13:08:00,18.36,18.37,18.36,18.36,23066
2026-08-17 13:09:00,18.36,18.36,18.33,18.33,45092
2026-08-17 13:10:00,18.34,18.34,18.32,18.33,75053
2026-08-17 13:11:00,18.32,18.35,18.32,18.33,64680
2026-08-17 13:12:00,18.34,18.34,18.31,18.31,25416
2026-08-17 13:13:00,18.32,18.32,18.3,18.31,107112
2026-08-17 13:14:00,18.31,18.31,18.29,18.29,96395
2026-08-17 13:15:00,18.29,18.31,18.29,18.3,58844
2026-08-17 13:16:00,18.3,18.31,18.3,18.3,12985
2026-08-17 13:17:00,18.3,18.31,18.3,18.31,34683
2026-08-17 13:18:00,18.31,18.33,18.31,18.32,39163
2026-08-17 13:19:00,18.32,18.33,18.31,18.31,51745
2026-08-17 13:20:00,18.31,18.33,18.3,18.31,60465
2026-08-17 13:21:00,18.31,18.32,18.27,18.29,135948
2026-08-17 13:22:00,18.29,18.32,18.29,18.32,35198
2026-08-17 13:23:00,18.32,18.32,18.28,18.29,40114
2026-08-17 13:24:00,18.28,18.29,18.27,18.27,46000
2026-08-17 13:25:00,18.27,18.27,18.26,18.26,29468
2026-08-17 13:26:00,18.27,18.27,18.25,18.26,85251
2026-08-17 13:27:00,18.27,18.27,18.26,18.27,16309
2026-08-17 13:28:00,18.26,18.27,18.24,18.24,38006
2026-08-17 13:29:00,18.24,18.25,18.23,18.23,89853
2026-08-17 13:30:00,18.23,18.24,18.23,18.23,37381
2026-08-17 13:31:00,18.23,18.24,18.23,18.23,19284
2026-08-17 13:32:00,18.23,18.25,18.23,18.24,42966
2026-08-17 13:33:00,18.24,18.24,18.22,18.22,41276
2026-08-17 13:34:00,18.22,18.23,18.21,18.21,65501
2026-08-17 13:35:00,18.21,18.22,18.17,18.19,260844
2026-08-17 13:36:00,18.2,18.2,18.17,18.2,149011
2026-08-17 13:37:00,18.2,18.21,18.18,18.2,94796
2026-08-17 13:38:00,18.2,18.22,18.19,18.21,71790
2026-08-17 13:39:00,18.21,18.22,18.19,18.2,59817
2026-08-17 13:40:00,18.2,18.21,18.2,18.2,39003
2026-08-17 13:41:00,18.21,18.22,18.2,18.21,41132
2026-08-17 13:42:00,18.21,18.25,18.21,18.25,68171
2026-08-17 13:43:00,18.24,18.25,18.23,18.23,23391
2026-08-17 13:44:00,18.23,18.25,18.21,18.25,79187
2026-08-17 13:45:00,18.24,18.25,18.23,18.24,123672
2026-08-17 13:46:00,18.24,18.24,18.22,18.22,58292
2026-08-17 13:47:00,18.22,18.23,18.22,18.22,22229
2026-08-17 13:48:00,18.22,18.23,18.2,18.2,70497
2026-08-17 13:49:00,18.2,18.23,18.19,18.21,149333
2026-08-17 13:50:00,18.22,18.22,18.19,18.2,134000
2026-08-17 13:51:00,18.2,18.21,18.18,18.2,107393
2026-08-17 13:52:00,18.2,18.2,18.18,18.19,56625
2026-08-17 13:53:00,18.19,18.2,18.18,18.2,53305
2026-08-17 13:54:00,18.2,18.2,18.19,18.2,16927
2026-08-17 13:55:00,18.2,18.21,18.19,18.2,22971
2026-08-17 13:56:00,18.2,18.21,18.19,18.2,24096
2026-08-17 13:57:00,18.2,18.21,18.19,18.2,30032
2026-08-17 13:58:00,18.21,18.22,18.2,18.21,25759
2026-08-17 13:59:00,18.21,18.22,18.21,18.22,25511
2026-08-17 14:00:00,18.21,18.23,18.21,18.21,38588
2026-08-17 14:01:00,18.21,18.23,18.21,18.21,31221
2026-08-17 14:02:00,18.22,18.24,18.22,18.23,83491
2026-08-17 14:03:00,18.23,18.24,18.22,18.23,76198
2026-08-17 14:04:00,18.23,18.25,18.23,18.24,69872
2026-08-17 14:05:00,18.24,18.26,18.24,18.25,67811
2026-08-17 14:06:00,18.25,18.27,18.25,18.26,127070
2026-08-17 14:07:00,18.26,18.26,18.24,18.24,76899
2026-08-17 14:08:00,18.25,18.26,18.23,18.25,67847
2026-08-17 14:09:00,18.25,18.26,18.24,18.24,21343
2026-08-17 14:10:00,18.24,18.26,18.24,18.26,49050
2026-08-17 14:11:00,18.26,18.26,18.24,18.24,38814
2026-08-17 14:12:00,18.24,18.25,18.24,18.24,28082
2026-08-17 14:13:00,18.25,18.26,18.24,18.24,35080
2026-08-17 14:14:00,18.24,18.25,18.24,18.24,36391
2026-08-17 14:15:00,18.25,18.26,18.24,18.26,44147
2026-08-17 14:16:00,18.25,18.27,18.25,18.27,36734
2026-08-17 14:17:00,18.27,18.29,18.26,18.29,79979
2026-08-17 14:18:00,18.28,18.29,18.24,18.26,157589
2026-08-17 14:19:00,18.26,18.26,18.25,18.26,14447
2026-08-17 14:20:00,18.25,18.26,18.23,18.23,48696
2026-08-17 14:21:00,18.24,18.24,18.23,18.23,39768
2026-08-17 14:22:00,18.23,18.24,18.23,18.24,18735
2026-08-17 14:23:00,18.24,18.26,18.24,18.25,49705
2026-08-17 14:24:00,18.25,18.26,18.25,18.25,7725
2026-08-17 14:25:00,18.25,18.29,18.25,18.27,58359
2026-08-17 14:26:00,18.27,18.28,18.26,18.27,19461
2026-08-17 14:27:00,18.27,18.27,18.26,18.26,35345
2026-08-17 14:28:00,18.26,18.28,18.26,18.27,26414
2026-08-17 14:29:00,18.27,18.29,18.27,18.29,51941
2026-08-17 14:30:00,18.29,18.3,18.28,18.29,84295
2026-08-17 14:31:00,18.29,18.29,18.28,18.29,30389
2026-08-17 14:32:00,18.28,18.29,18.28,18.28,40877
2026-08-17 14:33:00,18.28,18.29,18.27,18.27,50922
2026-08-17 14:34:00,18.27,18.28,18.26,18.27,23420
2026-08-17 14:35:00,18.27,18.3,18.27,18.3,33167
2026-08-17 14:36:00,18.29,18.29,18.28,18.29,22853
2026-08-17 14:37:00,18.29,18.29,18.28,18.29,7000
2026-08-17 14:38:00,18.29,18.29,18.27,18.27,45469
2026-08-17 14:39:00,18.27,18.28,18.26,18.27,33898
2026-08-17 14:40:00,18.26,18.31,18.26,18.3,146500
2026-08-17 14:41:00,18.3,18.31,18.3,18.3,22067
2026-08-17 14:42:00,18.3,18.31,18.29,18.29,38998
2026-08-17 14:43:00,18.29,18.3,18.28,18.29,57198
2026-08-17 14:44:00,18.29,18.3,18.28,18.29,36099
2026-08-17 14:45:00,18.29,18.29,18.26,18.26,42335
2026-08-17 14:46:00,18.27,18.27,18.26,18.27,25755
2026-08-17 14:47:00,18.27,18.28,18.26,18.28,47437
2026-08-17 14:48:00,18.27,18.28,18.27,18.28,11771
2026-08-17 14:49:00,18.28,18.28,18.26,18.27,16153
2026-08-17 14:50:00,18.27,18.28,18.25,18.25,91063
2026-08-17 14:51:00,18.25,18.27,18.25,18.27,51063
2026-08-17 14:52:00,18.27,18.27,18.26,18.27,43826
2026-08-17 14:53:00,18.26,18.27,18.26,18.27,12038
2026-08-17 14:54:00,18.26,18.27,18.26,18.26,7858
2026-08-17 14:55:00,18.26,18.27,18.26,18.26,10384
2026-08-17 14:56:00,18.27,18.27,18.24,18.24,32132
2026-08-17 14:57:00,18.24,18.25,18.24,18.25,8505
2026-08-17 14:58:00,18.24,18.26,18.24,18.25,40361
2026-08-17 14:59:00,18.25,18.26,18.25,18.25,44427
2026-08-17 15:00:00,18.25,18.26,18.24,18.24,44309
2026-08-17 15:01:00,18.24,18.25,18.23,18.24,39554
2026-08-17 15:02:00,18.25,18.25,18.24,18.25,16619
2026-08-17 15:03:00,18.25,18.26,18.24,18.26,26492
2026-08-17 15:04:00,18.25,18.27,18.25,18.27,17713
2026-08-17 15:05:00,18.27,18.27,18.26,18.26,10008
2026-08-17 15:06:00,18.27,18.27,18.26,18.27,13549
2026-08-17 15:07:00,18.27,18.28,18.26,18.27,23940
2026-08-17 15:08:00,18.28,18.3,18.27,18.29,69245
2026-08-17 15:09:00,18.29,18.29,18.28,18.28,16100
2026-08-17 15:10:00,18.29,18.3,18.27,18.28,76468
2026-08-17 15:11:00,18.28,18.29,18.27,18.29,101622
2026-08-17 15:12:00,18.28,18.29,18.28,18.28,13542
2026-08-17 15:13:00,18.28,18.29,18.28,18.29,19855
2026-08-17 15:14:00,18.29,18.29,18.27,18.28,80503
2026-08-17 15:15:00,18.28,18.31,18.27,18.3,59721
2026-08-17 15:16:00,18.3,18.32,18.3,18.32,46770
2026-08-17 15:17:00,18.31,18.35,18.31,18.34,133758
2026-08-17 15:18:00,18.35,18.35,18.33,18.35,80964
2026-08-17 15:19:00,18.34,18.36,18.34,18.35,74834
2026-08-17 15:20:00,18.35,18.37,18.35,18.36,161275
2026-08-17 15:21:00,18.37,18.38,18.35,18.35,69308
2026-08-17 15:22:00,18.36,18.38,18.35,18.37,72800
2026-08-17 15:23:00,18.38,18.4,18.37,18.39,55077
2026-08-17 15:24:00,18.39,18.42,18.39,18.42,104765
2026-08-17 15:25:00,18.42,18.43,18.41,18.43,119428
2026-08-17 15:26:00,18.43,18.43,18.4,18.41,62878
2026-08-17 15:27:00,18.41,18.43,18.41,18.42,65117
2026-08-17 15:28:00,18.43,18.46,18.43,18.45,158257
2026-08-17 15:29:00,18.45,18.45,18.42,18.42,91055
2026-08-17 15:30:00,18.43,18.44,18.36,18.37,201632
2026-08-17 15:31:00,18.36,18.38,18.33,18.34,87756
2026-08-17 15:32:00,18.34,18.34,18.32,18.34,82002
2026-08-17 15:33:00,18.34,18.34,18.32,18.34,69400
2026-08-17 15:34:00,18.34,18.34,18.32,18.32,71646
2026-08-17 15:35:00,18.31,18.33,18.3,18.31,53375
2026-08-17 15:36:00,18.31,18.32,18.3,18.31,58328
2026-08-17 15:37:00,18.31,18.33,18.31,18.32,50485
2026-08-17 15:38:00,18.31,18.32,18.29,18.3,51853
2026-08-17 15:39:00,18.3,18.31,18.27,18.27,86096
2026-08-17 15:40:00,18.27,18.3,18.27,18.29,109870
2026-08-17 15:41:00,18.29,18.31,18.28,18.29,77375
2026-08-17 15:42:00,18.29,18.3,18.27,18.27,71601
2026-08-17 15:43:00,18.27,18.28,18.25,18.27,87694
2026-08-17 15:44:00,18.27,18.28,18.26,18.27,79907
2026-08-17 15:45:00,18.27,18.28,18.26,18.27,116671
2026-08-17 15:46:00,18.28,18.28,18.26,18.27,73097
2026-08-17 15:47:00,18.27,18.3,18.27,18.29,71879
2026-08-17 15:48:00,18.29,18.3,18.27,18.27,127046
2026-08-17 15:49:00,18.27,18.29,18.27,18.29,45785
2026-08-17 15:50:00,18.29,18.3,18.27,18.27,188378
2026-08-17 15:51:00,18.27,18.28,18.25,18.27,196013
2026-08-17 15:52:00,18.27,18.29,18.27,18.28,84557
2026-08-17 15:53:00,18.29,18.29,18.25,18.28,227043
2026-08-17 15:54:00,18.27,18.29,18.26,18.27,101210
2026-08-17 15:55:00,18.27,18.29,18.27,18.27,113247
2026-08-17 15:56:00,18.27,18.28,18.26,18.28,152179
2026-08-17 15:57:00,18.28,18.29,18.25,18.27,274249
2026-08-17 15:58:00,18.27,18.29,18.26,18.29,244869
2026-08-17 15:59:00,18.29,18.34,18.28,18.32,701840
2026-08-17 16:00:00,18.31,18.34,18.31,18.34,2138086
2026-08-17 16:01:00,18.32,18.33,18.3,18.32,28126
2026-08-17 16:02:00,18.32,18.32,18.32,18.32,0
2026-08-17 16:03:00,18.32,18.32,18.3,18.3,12558
2026-08-17 16:04:00,18.3,18.31,18.3,18.3,4023
2026-08-17 16:05:00,18.3,18.31,18.29,18.29,2139
2026-08-17 16:06:00,18.28,18.28,18.27,18.27,2197
2026-08-17 16:07:00,18.28,18.28,18.27,18.27,654
2026-08-17 16:08:00,18.29,18.29,18.27,18.27,1100
2026-08-17 16:09:00,18.29,18.29,18.28,18.29,1190
2026-08-17 16:10:00,18.29,18.29,18.28,18.29,500
2026-08-17 16:11:00,18.29,18.29,18.29,18.29,0
2026-08-17 16:12:00,18.28,18.28,18.28,18.28,150
2026-08-17 16:13:00,18.28,18.29,18.26,18.28,3679
2026-08-17 16:14:00,18.28,18.28,18.28,18.28,100
2026-08-17 16:15:00,18.27,18.27,18.26,18.27,42036
2026-08-17 16:16:00,18.27,18.28,18.27,18.28,700
2026-08-17 16:17:00,18.28,18.28,18.28,18.28,0
2026-08-17 16:18:00,18.27,18.28,18.27,18.27,448
2026-08-17 16:19:00,18.27,18.28,18.27,18.28,900
2026-08-17 16:20:00,18.27,18.28,18.27,18.27,290088
2026-08-17 16:21:00,18.28,18.28,18.27,18.27,6865
2026-08-17 16:22:00,18.28,18.29,18.27,18.29,175111
2026-08-17 16:23:00,18.29,18.3,18.29,18.29,3064
2026-08-17 16:24:00,18.29,18.29,18.29,18.29,2216
2026-08-17 16:25:00,18.3,18.3,18.29,18.3,100
2026-08-17 16:26:00,18.3,18.3,18.3,18.3,0
2026-08-17 16:27:00,18.29,18.29,18.29,18.29,100
2026-08-17 16:28:00,18.29,18.3,18.29,18.29,907
2026-08-17 16:29:00,18.29,18.3,18.29,18.3,200
2026-08-17 16:30:00,18.3,18.3,18.29,18.29,1447
2026-08-17 16:31:00,18.3,18.3,18.29,18.29,1376
2026-08-17 16:32:00,18.27,18.28,18.27,18.27,1106
2026-08-17 16:33:00,18.27,18.3,18.27,18.27,920
2026-08-17 16:34:00,18.27,18.28,18.27,18.27,100
2026-08-17 16:35:00,18.27,18.27,18.27,18.27,0
2026-08-17 16:36:00,18.27,18.27,18.27,18.27,0
2026-08-17 16:37:00,18.29,18.29,18.29,18.29,200
2026-08-17 16:38:00,18.29,18.29,18.27,18.27,450
2026-08-17 16:39:00,18.27,18.27,18.27,18.27,0
2026-08-17 16:40:00,18.28,18.28,18.28,18.28,650
2026-08-17 16:41:00,18.28,18.28,18.28,18.28,0
2026-08-17 16:42:00,18.28,18.28,18.28,18.28,0
2026-08-17 16:43:00,18.28,18.28,18.28,18.28,0
2026-08-17 16:44:00,18.29,18.3,18.28,18.3,552
2026-08-17 16:45:00,18.3,18.3,18.3,18.3,0
2026-08-17 16:46:00,18.3,18.3,18.29,18.3,250
2026-08-17 16:47:00,18.29,18.3,18.29,18.3,5000
2026-08-17 16:48:00,18.28,18.29,18.28,18.29,500
2026-08-17 16:49:00,18.28,18.29,18.28,18.28,200
2026-08-17 16:50:00,18.28,18.29,18.28,18.29,1230
2026-08-17 16:51:00,18.29,18.29,18.29,18.29,0
2026-08-17 16:52:00,18.28,18.28,18.28,18.28,1300
2026-08-17 16:53:00,18.28,18.28,18.28,18.28,0
2026-08-17 16:54:00,18.28,18.28,18.28,18.28,0
2026-08-17 16:55:00,18.28,18.28,18.27,18.28,174
2026-08-17 16:56:00,18.29,18.29,18.28,18.28,1120
2026-08-17 16:57:00,18.29,18.29,18.28,18.28,578
2026-08-17 16:58:00,18.28,18.28,18.28,18.28,736
2026-08-17 16:59:00,18.28,18.28,18.28,18.28,236
2026-08-17 17:00:00,18.28,18.29,18.28,18.28,1100
2026-08-17 17:01:00,18.29,18.29,18.29,18.29,190
2026-08-17 17:02:00,18.29,18.29,18.29,18.29,0
2026-08-17 17:03:00,18.29,18.29,18.28,18.29,1698
2026-08-17 17:04:00,18.28,18.29,18.28,18.28,3572
2026-08-17 17:05:00,18.29,18.29,18.28,18.29,200
2026-08-17 17:06:00,18.29,18.3,18.28,18.3,1356
2026-08-17 17:07:00,18.3,18.3,18.3,18.3,0
2026-08-17 17:08:00,18.3,18.3,18.3,18.3,1648
2026-08-17 17:09:00,18.3,18.3,18.3,18.3,0
2026-08-17 17:10:00,18.3,18.3,18.3,18.3,0
2026-08-17 17:11:00,18.29,18.3,18.29,18.29,100
2026-08-17 17:12:00,18.29,18.3,18.29,18.3,1111
2026-08-17 17:13:00,18.3,18.3,18.3,18.3,0
2026-08-17 17:14:00,18.29,18.29,18.29,18.29,618
2026-08-17 17:15:00,18.3,18.3,18.29,18.3,2890
2026-08-17 17:16:00,18.29,18.31,18.29,18.31,600
2026-08-17 17:17:00,18.31,18.31,18.3,18.3,257
2026-08-17 17:18:00,18.3,18.3,18.3,18.3,501
2026-08-17 17:19:00,18.29,18.3,18.29,18.29,250
2026-08-17 17:20:00,18.29,18.29,18.29,18.29,100
2026-08-17 17:21:00,18.29,18.29,18.29,18.29,0
2026-08-17 17:22:00,18.29,18.29,18.29,18.29,200
2026-08-17 17:23:00,18.29,18.29,18.29,18.29,0
2026-08-17 17:24:00,18.29,18.29,18.29,18.29,0
2026-08-17 17:25:00,18.31,18.31,18.3,18.31,101
2026-08-17 17:26:00,18.31,18.31,18.31,18.31,0
2026-08-17 17:27:00,18.31,18.31,18.31,18.31,0
2026-08-17 17:28:00,18.3,18.31,18.3,18.31,415
2026-08-17 17:29:00,18.3,18.31,18.3,18.31,1500
2026-08-17 17:30:00,18.3,18.3,18.3,18.3,500
2026-08-17 17:31:00,18.3,18.3,18.3,18.3,0
2026-08-17 17:32:00,18.3,18.3,18.3,18.3,0
2026-08-17 17:33:00,18.31,18.31,18.3,18.31,4000
2026-08-17 17:34:00,18.31,18.32,18.31,18.31,553
2026-08-17 17:35:00,18.31,18.31,18.31,18.31,0
2026-08-17 17:36:00,18.31,18.31,18.31,18.31,0
2026-08-17 17:37:00,18.33,18.33,18.31,18.31,1350
2026-08-17 17:38:00,18.31,18.31,18.31,18.31,0
2026-08-17 17:39:00,18.32,18.32,18.31,18.32,300
2026-08-17 17:40:00,18.31,18.31,18.31,18.31,402
2026-08-17 17:41:00,18.3,18.3,18.3,18.3,100
2026-08-17 17:42:00,18.32,18.32,18.32,18.32,100
2026-08-17 17:43:00,18.3,18.31,18.3,18.31,2772
2026-08-17 17:44:00,18.3,18.31,18.3,18.3,500
2026-08-17 17:45:00,18.3,18.3,18.3,18.3,0
2026-08-17 17:46:00,18.3,18.32,18.3,18.32,1190
2026-08-17 17:47:00,18.3,18.3,18.3,18.3,500
2026-08-17 17:48:00,18.32,18.32,18.31,18.32,250
2026-08-17 17:49:00,18.3,18.31,18.3,18.3,1015
2026-08-17 17:50:00,18.3,18.31,18.3,18.3,202
2026-08-17 17:51:00,18.3,18.3,18.3,18.3,0
2026-08-17 17:52:00,18.3,18.3,18.3,18.3,0
2026-08-17 17:53:00,18.31,18.31,18.31,18.31,250
2026-08-17 17:54:00,18.31,18.31,18.31,18.31,0
2026-08-17 17:55:00,18.3,18.31,18.3,18.3,1400
2026-08-17 17:56:00,18.3,18.3,18.3,18.3,0
2026-08-17 17:57:00,18.31,18.32,18.31,18.32,306
2026-08-17 17:58:00,18.32,18.32,18.32,18.32,0
2026-08-17 17:59:00,18.32,18.32,18.3,18.31,2450
2026-08-17 18:00:00,18.31,18.31,18.31,18.31,0
2026-08-17 18:01:00,18.31,18.31,18.31,18.31,0
2026-08-17 18:02:00,18.31,18.31,18.31,18.31,0
2026-08-17 18:03:00,18.31,18.31,18.3,18.31,1350
2026-08-17 18:04:00,18.3,18.3,18.3,18.3,100
2026-08-17 18:05:00,18.3,18.3,18.3,18.3,1800
2026-08-17 18:06:00,18.3,18.3,18.3,18.3,1700
2026-08-17 18:07:00,18.3,18.31,18.3,18.3,500
2026-08-17 18:08:00,18.3,18.3,18.3,18.3,0
2026-08-17 18:09:00,18.3,18.3,18.3,18.3,0
2026-08-17 18:10:00,18.3,18.31,18.3,18.3,250
2026-08-17 18:11:00,18.3,18.31,18.3,18.3,1300
2026-08-17 18:12:00,18.31,18.31,18.3,18.31,3243
2026-08-17 18:13:00,18.31,18.31,18.31,18.31,0
2026-08-17 18:14:00,18.31,18.31,18.31,18.31,0
2026-08-17 18:15:00,18.3,18.31,18.3,18.31,340
2026-08-17 18:16:00,18.31,18.31,18.31,18.31,0
2026-08-17 18:17:00,18.3,18.31,18.3,18.3,750
2026-08-17 18:18:00,18.3,18.3,18.3,18.3,0
2026-08-17 18:19:00,18.3,18.31,18.3,18.3,400
2026-08-17 18:20:00,18.3,18.31,18.3,18.3,1300
2026-08-17 18:21:00,18.3,18.3,18.3,18.3,0
2026-08-17 18:22:00,18.3,18.3,18.3,18.3,0
2026-08-17 18:23:00,18.3,18.3,18.3,18.3,1870
2026-08-17 18:24:00,18.29,18.3,18.29,18.3,200
2026-08-17 18:25:00,18.29,18.3,18.29,18.3,1900
2026-08-17 18:26:00,18.3,18.3,18.3,18.3,0
2026-08-17 18:27:00,18.31,18.31,18.3,18.31,200
2026-08-17 18:28:00,18.31,18.31,18.29,18.29,1383
2026-08-17 18:29:00,18.3,18.3,18.3,18.3,100
2026-08-17 18:30:00,18.31,18.32,18.3,18.31,7038
2026-08-17 18:31:00,18.31,18.31,18.31,18.31,150
2026-08-17 18:32:00,18.32,18.32,18.32,18.32,800
2026-08-17 18:33:00,18.31,18.31,18.31,18.31,200
2026-08-17 18:34:00,18.31,18.31,18.31,18.31,298
2026-08-17 18:35:00,18.32,18.32,18.32,18.32,150
2026-08-17 18:36:00,18.32,18.32,18.32,18.32,100
2026-08-17 18:37:00,18.3,18.3,18.3,18.3,350
2026-08-17 18:38:00,18.3,18.3,18.3,18.3,0
2026-08-17 18:39:00,18.3,18.3,18.3,18.3,0
2026-08-17 18:40:00,18.31,18.32,18.31,18.31,100
2026-08-17 18:41:00,18.31,18.31,18.31,18.31,0
2026-08-17 18:42:00,18.31,18.31,18.31,18.31,0
2026-08-17 18:43:00,18.32,18.32,18.31,18.32,658
2026-08-17 18:44:00,18.32,18.32,18.32,18.32,100
2026-08-17 18:45:00,18.31,18.31,18.31,18.31,500
2026-08-17 18:46:00,18.32,18.32,18.31,18.32,100
2026-08-17 18:47:00,18.31,18.32,18.31,18.32,1443
2026-08-17 18:48:00,18.31,18.31,18.31,18.31,1000
2026-08-17 18:49:00,18.32,18.32,18.32,18.32,100
2026-08-17 18:50:00,18.31,18.31,18.31,18.31,110
2026-08-17 18:51:00,18.31,18.32,18.31,18.32,2700
2026-08-17 18:52:00,18.32,18.32,18.32,18.32,0
2026-08-17 18:53:00,18.32,18.32,18.31,18.31,250
2026-08-17 18:54:00,18.32,18.32,18.31,18.32,100
2026-08-17 18:55:00,18.32,18.32,18.31,18.31,824
2026-08-17 18:56:00,18.32,18.32,18.31,18.31,600
2026-08-17 18:57:00,18.31,18.31,18.31,18.31,0
2026-08-17 18:58:00,18.31,18.31,18.31,18.31,1100
2026-08-17 18:59:00,18.32,18.32,18.32,18.32,100
2026-08-17 19:00:00,18.31,18.32,18.31,18.31,905
2026-08-17 19:01:00,18.32,18.32,18.32,18.32,100
2026-08-17 19:02:00,18.32,18.32,18.32,18.32,0
2026-08-17 19:03:00,18.32,18.32,18.32,18.32,0
2026-08-17 19:04:00,18.31,18.31,18.31,18.31,500
2026-08-17 19:05:00,18.31,18.31,18.31,18.31,0
2026-08-17 19:06:00,18.32,18.32,18.32,18.32,300
2026-08-17 19:07:00,18.31,18.31,18.31,18.31,100
2026-08-17 19:08:00,18.32,18.32,18.31,18.32,270
2026-08-17 19:09:00,18.32,18.32,18.32,18.32,0
2026-08-17 19:10:00,18.31,18.31,18.31,18.31,200
2026-08-17 19:11:00,18.31,18.31,18.31,18.31,700
2026-08-17 19:12:00,18.31,18.32,18.31,18.32,375
2026-08-17 19:13:00,18.32,18.32,18.32,18.32,0
2026-08-17 19:14:00,18.31,18.31,18.31,18.31,175
2026-08-17 19:15:00,18.32,18.32,18.31,18.32,100
2026-08-17 19:16:00,18.32,18.32,18.32,18.32,0
2026-08-17 19:17:00,18.32,18.32,18.32,18.32,0
2026-08-17 19:18:00,18.32,18.32,18.32,18.32,0
2026-08-17 19:19:00,18.32,18.32,18.32,18.32,0
2026-08-17 19:20:00,18.32,18.32,18.32,18.32,100
2026-08-17 19:21:00,18.32,18.32,18.32,18.32,0
2026-08-17 19:22:00,18.32,18.32,18.32,18.32,0
2026-08-17 19:23:00,18.31,18.32,18.31,18.31,1000
2026-08-17 19:24:00,18.32,18.32,18.32,18.32,100
2026-08-17 19:25:00,18.32,18.32,18.31,18.32,250
2026-08-17 19:26:00,18.32,18.32,18.32,18.32,0
2026-08-17 19:27:00,18.32,18.32,18.32,18.32,0
2026-08-17 19:28:00,18.32,18.32,18.32,18.32,0
2026-08-17 19:29:00,18.31,18.32,18.31,18.31,100
2026-08-17 19:30:00,18.31,18.32,18.31,18.32,692
2026-08-17 19:31:00,18.32,18.32,18.32,18.32,0
2026-08-17 19:32:00,18.31,18.31,18.31,18.31,1000
2026-08-17 19:33:00,18.32,18.32,18.32,18.32,200
2026-08-17 19:34:00,18.32,18.32,18.32,18.32,0
2026-08-17 19:35:00,18.32,18.32,18.31,18.32,300
2026-08-17 19:36:00,18.31,18.32,18.31,18.31,2003
2026-08-17 19:37:00,18.31,18.32,18.31,18.31,265
2026-08-17 19:38:00,18.32,18.32,18.31,18.31,633
2026-08-17 19:39:00,18.31,18.31,18.31,18.31,0
2026-08-17 19:40:00,18.31,18.31,18.31,18.31,0
2026-08-17 19:41:00,18.32,18.32,18.31,18.32,1150
2026-08-17 19:42:00,18.32,18.32,18.32,18.32,150
2026-08-17 19:43:00,18.31,18.32,18.31,18.31,1843
2026-08-17 19:44:00,18.31,18.31,18.31,18.31,0
2026-08-17 19:45:00,18.32,18.33,18.32,18.33,1517
2026-08-17 19:46:00,18.33,18.33,18.33,18.33,0
2026-08-17 19:47:00,18.32,18.32,18.32,18.32,100
2026-08-17 19:48:00,18.32,18.32,18.32,18.32,100
2026-08-17 19:49:00,18.33,18.33,18.33,18.33,100
2026-08-17 19:50:00,18.32,18.32,18.32,18.32,100
2026-08-17 19:51:00,18.32,18.33,18.32,18.32,300
2026-08-17 19:52:00,18.32,18.32,18.32,18.32,0
2026-08-17 19:53:00,18.32,18.32,18.32,18.32,0
2026-08-17 19:54:00,18.32,18.32,18.32,18.32,200
2026-08-17 19:55:00,18.33,18.33,18.33,18.33,800
2026-08-17 19:56:00,18.33,18.33,18.33,18.33,400
2026-08-17 19:57:00,18.33,18.33,18.32,18.33,1700
2026-08-17 19:58:00,18.32,18.33,18.32,18.33,2198
2026-08-17 19:59:00,18.33,18.33,18.33,18.33,10000
2026-08-18 04:00:00,18.18,18.22,18.12,18.12,34070
2026-08-18 04:01:00,18.13,18.23,18.1,18.17,34839
2026-08-18 04:02:00,18.17,18.17,18.12,18.13,5919
2026-08-18 04:03:00,18.12,18.13,18.12,18.13,4637
2026-08-18 04:04:00,18.13,18.14,18.1,18.11,7285
2026-08-18 04:05:00,18.11,18.13,18.11,18.11,10171
2026-08-18 04:06:00,18.12,18.22,18.1,18.16,15764
2026-08-18 04:07:00,18.13,18.13,18.11,18.11,8965
2026-08-18 04:08:00,18.12,18.12,18.11,18.11,5435
2026-08-18 04:09:00,18.13,18.13,18.13,18.13,180
2026-08-18 04:10:00,18.14,18.14,18.1,18.1,3787
2026-08-18 04:11:00,18.12,18.12,18.11,18.11,4029
2026-08-18 04:12:00,18.13,18.14,18.13,18.14,3789
2026-08-18 04:13:00,18.15,18.15,18.14,18.14,6000
2026-08-18 04:14:00,18.16,18.17,18.16,18.16,1197
2026-08-18 04:15:00,18.17,18.17,18.16,18.17,4330
2026-08-18 04:16:00,18.17,18.19,18.17,18.19,1103
2026-08-18 04:17:00,18.2,18.2,18.19,18.2,9913
2026-08-18 04:18:00,18.19,18.19,18.17,18.17,692
2026-08-18 04:19:00,18.19,18.21,18.19,18.21,1900
2026-08-18 04:20:00,18.21,18.22,18.21,18.21,1514
2026-08-18 04:21:00,18.2,18.2,18.18,18.18,4500
2026-08-18 04:22:00,18.17,18.17,18.17,18.17,2933
2026-08-18 04:23:00,18.17,18.17,18.17,18.17,711
2026-08-18 04:24:00,18.16,18.17,18.16,18.17,2755
2026-08-18 04:25:00,18.16,18.17,18.15,18.17,742
2026-08-18 04:26:00,18.15,18.15,18.15,18.15,500
2026-08-18 04:27:00,18.18,18.18,18.16,18.16,844
2026-08-18 04:28:00,18.19,18.19,18.19,18.19,450
2026-08-18 04:29:00,18.2,18.2,18.2,18.2,3419
2026-08-18 04:30:00,18.2,18.2,18.2,18.2,0
2026-08-18 04:31:00,18.2,18.2,18.2,18.2,0
2026-08-18 04:32:00,18.2,18.2,18.2,18.2,0
2026-08-18 04:33:00,18.2,18.2,18.2,18.2,0
2026-08-18 04:34:00,18.2,18.2,18.2,18.2,0
2026-08-18 04:35:00,18.2,18.2,18.19,18.19,709
2026-08-18 04:36:00,18.19,18.19,18.19,18.19,0
2026-08-18 04:37:00,18.19,18.19,18.19,18.19,0
2026-08-18 04:38:00,18.19,18.19,18.19,18.19,0
2026-08-18 04:39:00,18.19,18.19,18.19,18.19,0
2026-08-18 04:40:00,18.19,18.19,18.19,18.19,0
2026-08-18 04:41:00,18.19,18.19,18.19,18.19,0
2026-08-18 04:42:00,18.19,18.19,18.19,18.19,0
2026-08-18 04:43:00,18.19,18.19,18.19,18.19,0
2026-08-18 04:44:00,18.16,18.16,18.15,18.15,2588
2026-08-18 04:45:00,18.17,18.17,18.17,18.17,100
2026-08-18 04:46:00,18.17,18.17,18.17,18.17,0
2026-08-18 04:47:00,18.17,18.17,18.17,18.17,0
2026-08-18 04:48:00,18.17,18.17,18.17,18.17,0
2026-08-18 04:49:00,18.17,18.17,18.17,18.17,0
2026-08-18 04:50:00,18.15,18.15,18.15,18.15,297
2026-08-18 04:51:00,18.15,18.15,18.15,18.15,0
2026-08-18 04:52:00,18.15,18.15,18.15,18.15,1100
2026-08-18 04:53:00,18.15,18.15,18.15,18.15,100
2026-08-18 04:54:00,18.16,18.16,18.16,18.16,428
2026-08-18 04:55:00,18.16,18.16,18.16,18.16,0
2026-08-18 04:56:00,18.16,18.16,18.16,18.16,0
2026-08-18 04:57:00,18.15,18.15,18.15,18.15,200
2026-08-18 04:58:00,18.15,18.15,18.15,18.15,0
2026-08-18 04:59:00,18.15,18.15,18.15,18.15,0
2026-08-18 05:00:00,18.15,18.15,18.15,18.15,0
2026-08-18 05:01:00,18.15,18.15,18.15,18.15,0
2026-08-18 05:02:00,18.15,18.15,18.15,18.15,200
2026-08-18 05:03:00,18.15,18.15,18.15,18.15,0
2026-08-18 05:04:00,18.18,18.22,18.18,18.21,1403
2026-08-18 05:05:00,18.21,18.21,18.21,18.21,0
2026-08-18 05:06:00,18.17,18.17,18.17,18.17,131
2026-08-18 05:07:00,18.15,18.15,18.15,18.15,200
2026-08-18 05:08:00,18.15,18.15,18.15,18.15,0
2026-08-18 05:09:00,18.15,18.15,18.15,18.15,0
2026-08-18 05:10:00,18.15,18.15,18.15,18.15,110
2026-08-18 05:11:00,18.15,18.15,18.15,18.15,0
2026-08-18 05:12:00,18.15,18.15,18.15,18.15,160
2026-08-18 05:13:00,18.15,18.15,18.15,18.15,100
2026-08-18 05:14:00,18.15,18.15,18.15,18.15,0
2026-08-18 05:15:00,18.16,18.16,18.16,18.16,335
2026-08-18 05:16:00,18.16,18.16,18.16,18.16,0
2026-08-18 05:17:00,18.16,18.16,18.16,18.16,0
2026-08-18 05:18:00,18.16,18.16,18.16,18.16,0
2026-08-18 05:19:00,18.16,18.16,18.16,18.16,0
2026-08-18 05:20:00,18.16,18.16,18.16,18.16,283
2026-08-18 05:21:00,18.16,18.16,18.16,18.16,0
2026-08-18 05:22:00,18.16,18.16,18.15,18.15,649
2026-08-18 05:23:00,18.15,18.15,18.15,18.15,0
2026-08-18 05:24:00,18.15,18.15,18.15,18.15,0
2026-08-18 05:25:00,18.15,18.15,18.15,18.15,0
2026-08-18 05:26:00,18.15,18.15,18.15,18.15,0
2026-08-18 05:27:00,18.15,18.15,18.15,18.15,3059
2026-08-18 05:28:00,18.15,18.15,18.15,18.15,0
2026-08-18 05:29:00,18.15,18.15,18.15,18.15,0
2026-08-18 05:30:00,18.15,18.15,18.15,18.15,0
2026-08-18 05:31:00,18.15,18.15,18.15,18.15,0
2026-08-18 05:32:00,18.15,18.15,18.15,18.15,0
2026-08-18 05:33:00,18.15,18.15,18.15,18.15,2741
2026-08-18 05:34:00,18.15,18.15,18.15,18.15,0
2026-08-18 05:35:00,18.14,18.14,18.14,18.14,799
2026-08-18 05:36:00,18.14,18.14,18.14,18.14,200
2026-08-18 05:37:00,18.15,18.15,18.14,18.14,3418
2026-08-18 05:38:00,18.14,18.14,18.14,18.14,0
2026-08-18 05:39:00,18.16,18.16,18.14,18.14,574
2026-08-18 05:40:00,18.14,18.14,18.14,18.14,0
2026-08-18 05:41:00,18.14,18.14,18.14,18.14,0
2026-08-18 05:42:00,18.14,18.14,18.14,18.14,0
2026-08-18 05:43:00,18.14,18.14,18.14,18.14,0
2026-08-18 05:44:00,18.14,18.14,18.14,18.14,0
2026-08-18 05:45:00,18.14,18.14,18.14,18.14,0
2026-08-18 05:46:00,18.15,18.15,18.15,18.15,200
2026-08-18 05:47:00,18.14,18.14,18.14,18.14,1177
2026-08-18 05:48:00,18.14,18.14,18.14,18.14,0
2026-08-18 05:49:00,18.14,18.14,18.14,18.14,0
2026-08-18 05:50:00,18.14,18.14,18.14,18.14,180
2026-08-18 05:51:00,18.16,18.17,18.16,18.17,930
2026-08-18 05:52:00,18.13,18.13,18.13,18.13,100
2026-08-18 05:53:00,18.13,18.13,18.13,18.13,0
2026-08-18 05:54:00,18.13,18.13,18.13,18.13,650
2026-08-18 05:55:00,18.13,18.13,18.13,18.13,0
2026-08-18 05:56:00,18.13,18.13,18.13,18.13,0
2026-08-18 05:57:00,18.14,18.14,18.14,18.14,908
2026-08-18 05:58:00,18.14,18.14,18.14,18.14,0
2026-08-18 05:59:00,18.13,18.13,18.13,18.13,480
2026-08-18 06:00:00,18.13,18.13,18.13,18.13,0
2026-08-18 06:01:00,18.13,18.13,18.12,18.12,589
2026-08-18 06:02:00,18.11,18.12,18.1,18.12,7914
2026-08-18 06:03:00,18.11,18.12,18.11,18.12,3766
2026-08-18 06:04:00,18.13,18.14,18.13,18.14,3134
2026-08-18 06:05:00,18.11,18.11,18.11,18.11,213
2026-08-18 06:06:00,18.11,18.11,18.11,18.11,0
2026-08-18 06:07:00,18.12,18.12,18.12,18.12,1183
2026-08-18 06:08:00,18.12,18.12,18.12,18.12,0
2026-08-18 06:09:00,18.13,18.13,18.13,18.13,9000
2026-08-18 06:10:00,18.13,18.13,18.13,18.13,0
2026-08-18 06:11:00,18.13,18.14,18.13,18.14,8843
2026-08-18 06:12:00,18.11,18.11,18.11,18.11,110
2026-08-18 06:13:00,18.12,18.12,18.12,18.12,892
2026-08-18 06:14:00,18.11,18.12,18.11,18.12,1313
2026-08-18 06:15:00,18.12,18.12,18.12,18.12,1013
2026-08-18 06:16:00,18.12,18.12,18.12,18.12,0
2026-08-18 06:17:00,18.12,18.12,18.12,18.12,0
2026-08-18 06:18:00,18.12,18.12,18.12,18.12,0
2026-08-18 06:19:00,18.14,18.14,18.14,18.14,257
2026-08-18 06:20:00,18.14,18.15,18.14,18.15,1062
2026-08-18 06:21:00,18.16,18.16,18.16,18.16,2675
2026-08-18 06:22:00,18.16,18.16,18.16,18.16,0
2026-08-18 06:23:00,18.16,18.16,18.16,18.16,585
2026-08-18 06:24:00,18.11,18.11,18.11,18.11,200
2026-08-18 06:25:00,18.11,18.11,18.11,18.11,0
2026-08-18 06:26:00,18.11,18.11,18.11,18.11,0
2026-08-18 06:27:00,18.12,18.13,18.12,18.12,1364
2026-08-18 06:28:00,18.12,18.12,18.12,18.12,0
2026-08-18 06:29:00,18.12,18.12,18.12,18.12,0
2026-08-18 06:30:00,18.14,18.14,18.12,18.12,405
2026-08-18 06:31:00,18.16,18.16,18.16,18.16,200
2026-08-18 06:32:00,18.16,18.16,18.16,18.16,3075
2026-08-18 06:33:00,18.14,18.14,18.14,18.14,139
2026-08-18 06:34:00,18.15,18.15,18.15,18.15,100
2026-08-18 06:35:00,18.14,18.14,18.14,18.14,171
2026-08-18 06:36:00,18.14,18.14,18.14,18.14,301
2026-08-18 06:37:00,18.14,18.14,18.14,18.14,0
2026-08-18 06:38:00,18.14,18.14,18.14,18.14,0
2026-08-18 06:39:00,18.14,18.14,18.14,18.14,500
2026-08-18 06:40:00,18.14,18.14,18.14,18.14,0
2026-08-18 06:41:00,18.14,18.15,18.14,18.15,1220
2026-08-18 06:42:00,18.16,18.17,18.16,18.17,3082
2026-08-18 06:43:00,18.16,18.16,18.16,18.16,200
2026-08-18 06:44:00,18.16,18.16,18.16,18.16,0
2026-08-18 06:45:00,18.16,18.16,18.16,18.16,900
2026-08-18 06:46:00,18.16,18.16,18.14,18.14,1116
2026-08-18 06:47:00,18.16,18.16,18.16,18.16,167
2026-08-18 06:48:00,18.16,18.16,18.16,18.16,0
2026-08-18 06:49:00,18.16,18.16,18.16,18.16,0
2026-08-18 06:50:00,18.16,18.16,18.16,18.16,0
2026-08-18 06:51:00,18.16,18.16,18.16,18.16,0
2026-08-18 06:52:00,18.14,18.14,18.14,18.14,400
2026-08-18 06:53:00,18.14,18.14,18.14,18.14,0
2026-08-18 06:54:00,18.14,18.14,18.14,18.14,0
2026-08-18 06:55:00,18.14,18.14,18.14,18.14,0
2026-08-18 06:56:00,18.14,18.14,18.14,18.14,0
2026-08-18 06:57:00,18.14,18.14,18.14,18.14,0
2026-08-18 06:58:00,18.14,18.14,18.14,18.14,0
2026-08-18 06:59:00,18.14,18.14,18.14,18.14,670
2026-08-18 07:00:00,18.16,18.17,18.14,18.14,7480
2026-08-18 07:01:00,18.14,18.15,18.14,18.15,4045
2026-08-18 07:02:00,18.15,18.15,18.15,18.15,1150
2026-08-18 07:03:00,18.15,18.16,18.15,18.16,3004
2026-08-18 07:04:00,18.15,18.15,18.14,18.14,5467
2026-08-18 07:05:00,18.14,18.14,18.13,18.14,1200
2026-08-18 07:06:00,18.14,18.14,18.13,18.13,5023
2026-08-18 07:07:00,18.13,18.13,18.13,18.13,244
2026-08-18 07:08:00,18.13,18.13,18.13,18.13,7900
2026-08-18 07:09:00,18.13,18.13,18.13,18.13,1530
2026-08-18 07:10:00,18.14,18.14,18.13,18.14,7526
2026-08-18 07:11:00,18.14,18.14,18.14,18.14,4608
2026-08-18 07:12:00,18.14,18.14,18.12,18.13,10817
2026-08-18 07:13:00,18.14,18.14,18.12,18.13,9150
2026-08-18 07:14:00,18.12,18.12,18.11,18.12,6608
2026-08-18 07:15:00,18.12,18.12,18.11,18.12,2351
2026-08-18 07:16:00,18.11,18.11,18.11,18.11,1910
2026-08-18 07:17:00,18.11,18.14,18.11,18.14,3850
2026-08-18 07:18:00,18.14,18.14,18.12,18.12,1750
2026-08-18 07:19:00,18.13,18.14,18.13,18.14,1200
2026-08-18 07:20:00,18.14,18.14,18.13,18.13,5300
2026-08-18 07:21:00,18.12,18.13,18.1,18.11,1008
2026-08-18 07:22:00,18.1,18.1,18.1,18.1,700
2026-08-18 07:23:00,18.1,18.14,18.1,18.1,6445
2026-08-18 07:24:00,18.11,18.14,18.1,18.12,4713
2026-08-18 07:25:00,18.13,18.13,18.13,18.13,4161
2026-08-18 07:26:00,18.11,18.11,18.09,18.09,1258
2026-08-18 07:27:00,18.1,18.1,18.1,18.1,206
2026-08-18 07:28:00,18.11,18.11,18.11,18.11,1000
2026-08-18 07:29:00,18.12,18.14,18.12,18.14,1199
2026-08-18 07:30:00,18.11,18.13,18.11,18.13,370
2026-08-18 07:31:00,18.13,18.13,18.13,18.13,200
2026-08-18 07:32:00,18.13,18.13,18.13,18.13,300
2026-08-18 07:33:00,18.11,18.13,18.1,18.13,697
2026-08-18 07:34:00,18.13,18.13,18.12,18.12,315
2026-08-18 07:35:00,18.12,18.12,18.12,18.12,0
2026-08-18 07:36:00,18.12,18.14,18.12,18.12,5506
2026-08-18 07:37:00,18.12,18.12,18.12,18.12,0
2026-08-18 07:38:00,18.14,18.14,18.13,18.13,9900
2026-08-18 07:39:00,18.13,18.13,18.13,18.13,1600
2026-08-18 07:40:00,18.13,18.14,18.12,18.12,5749
2026-08-18 07:41:00,18.12,18.12,18.12,18.12,1500
2026-08-18 07:42:00,18.12,18.12,18.12,18.12,2100
2026-08-18 07:43:00,18.12,18.12,18.12,18.12,200
2026-08-18 07:44:00,18.12,18.13,18.11,18.11,4590
2026-08-18 07:45:00,18.12,18.13,18.12,18.13,4183
2026-08-18 07:46:00,18.12,18.13,18.11,18.11,4466
2026-08-18 07:47:00,18.11,18.11,18.05,18.07,21075
2026-08-18 07:48:00,18.08,18.08,18.07,18.08,7243
2026-08-18 07:49:00,18.09,18.13,18.08,18.12,2600
2026-08-18 07:50:00,18.09,18.09,18.08,18.08,350
2026-08-18 07:51:00,18.11,18.11,18.08,18.08,1000
2026-08-18 07:52:00,18.08,18.08,18.07,18.07,300
2026-08-18 07:53:00,18.07,18.08,18.06,18.07,20941
2026-08-18 07:54:00,18.07,18.07,18.06,18.07,3549
2026-08-18 07:55:00,18.07,18.07,18.07,18.07,1181
2026-08-18 07:56:00,18.07,18.07,18.07,18.07,300
2026-08-18 07:57:00,18.07,18.08,18.07,18.08,1635
2026-08-18 07:58:00,18.08,18.08,18.08,18.08,200
2026-08-18 07:59:00,18.07,18.09,18.07,18.09,1410
2026-08-18 08:00:00,18.08,18.1,18.08,18.1,16340
2026-08-18 08:01:00,18.09,18.09,18.07,18.09,918
2026-08-18 08:02:00,18.09,18.09,18.06,18.08,2669
2026-08-18 08:03:00,18.08,18.09,18.06,18.06,2800
2026-08-18 08:04:00,18.05,18.06,18.05,18.06,214
2026-08-18 08:05:00,18.08,18.08,18.06,18.06,3400
2026-08-18 08:06:00,18.06,18.08,18.05,18.08,4797
2026-08-18 08:07:00,18.08,18.08,18.08,18.08,500
2026-08-18 08:08:00,18.07,18.07,18.05,18.06,8823
2026-08-18 08:09:00,18.05,18.06,18.05,18.05,5500
2026-08-18 08:10:00,18.05,18.05,18.04,18.04,1900
2026-08-18 08:11:00,18.05,18.06,18.05,18.06,1893
2026-08-18 08:12:00,18.05,18.06,18.0,18.03,60025
2026-08-18 08:13:00,18.05,18.07,18.05,18.06,5785
2026-08-18 08:14:00,18.05,18.07,18.0,18.02,10125
2026-08-18 08:15:00,18.02,18.02,18.02,18.02,1500
2026-08-18 08:16:00,18.03,18.06,18.02,18.02,3900
2026-08-18 08:17:00,18.04,18.06,18.04,18.05,880
2026-08-18 08:18:00,18.05,18.05,18.03,18.04,2345
2026-08-18 08:19:00,18.03,18.04,18.03,18.03,3870
2026-08-18 08:20:00,18.03,18.05,18.02,18.05,8245
2026-08-18 08:21:00,18.04,18.04,18.03,18.04,1100
2026-08-18 08:22:00,18.03,18.04,18.03,18.03,2941
2026-08-18 08:23:00,18.04,18.05,18.04,18.05,2127
2026-08-18 08:24:00,18.04,18.04,18.03,18.04,2911
2026-08-18 08:25:00,18.04,18.04,18.03,18.03,3975
2026-08-18 08:26:00,18.03,18.04,18.03,18.04,6700
2026-08-18 08:27:00,18.03,18.04,18.03,18.03,750
2026-08-18 08:28:00,18.03,18.03,18.03,18.03,0
2026-08-18 08:29:00,18.04,18.04,18.03,18.03,303
2026-08-18 08:30:00,18.03,18.04,18.03,18.03,423
2026-08-18 08:31:00,18.03,18.03,18.03,18.03,200
2026-08-18 08:32:00,18.03,18.05,18.03,18.03,1630
2026-08-18 08:33:00,18.03,18.03,18.03,18.03,400
2026-08-18 08:34:00,18.03,18.03,18.03,18.03,0
2026-08-18 08:35:00,18.04,18.04,18.03,18.03,19200
2026-08-18 08:36:00,18.03,18.04,18.03,18.03,4060
2026-08-18 08:37:00,18.04,18.04,18.03,18.03,2331
2026-08-18 08:38:00,18.03,18.03,18.02,18.02,3300
2026-08-18 08:39:00,18.03,18.03,18.02,18.03,3600
2026-08-18 08:40:00,18.02,18.02,18.01,18.01,20054
2026-08-18 08:41:00,18.01,18.01,18.0,18.01,2190
2026-08-18 08:42:00,18.0,18.0,18.0,18.0,6578
2026-08-18 08:43:00,18.0,18.0,17.99,17.99,13901
2026-08-18 08:44:00,17.99,18.0,17.98,17.98,7477
2026-08-18 08:45:00,17.98,18.0,17.98,17.98,26299
2026-08-18 08:46:00,17.99,17.99,17.98,17.99,18088
2026-08-18 08:47:00,17.99,18.0,17.98,17.99,4395
2026-08-18 08:48:00,17.99,18.0,17.99,18.0,350
2026-08-18 08:49:00,18.0,18.01,17.99,17.99,3997
2026-08-18 08:50:00,17.99,17.99,17.99,17.99,1500
2026-08-18 08:51:00,18.0,18.0,17.98,17.99,5880
2026-08-18 08:52:00,17.99,17.99,17.98,17.98,675
2026-08-18 08:53:00,17.99,18.0,17.98,17.99,8721
2026-08-18 08:54:00,17.99,18.0,17.98,17.99,12620
2026-08-18 08:55:00,17.99,17.99,17.99,17.99,300
2026-08-18 08:56:00,17.98,17.98,17.98,17.98,10097
2026-08-18 08:57:00,17.98,17.98,17.97,17.97,12200
2026-08-18 08:58:00,17.97,17.98,17.97,17.97,12024
2026-08-18 08:59:00,17.97,17.98,17.97,17.98,11480
2026-08-18 09:00:00,17.97,17.98,17.97,17.98,2796
2026-08-18 09:01:00,17.98,17.98,17.97,17.98,2200
2026-08-18 09:02:00,17.98,17.98,17.97,17.97,5753
2026-08-18 09:03:00,17.98,17.98,17.97,17.97,3100
2026-08-18 09:04:00,17.97,17.97,17.97,17.97,425
2026-08-18 09:05:00,17.98,17.98,17.98,17.98,540
2026-08-18 09:06:00,17.97,17.97,17.95,17.95,34310
2026-08-18 09:07:00,17.96,17.96,17.95,17.96,1820
2026-08-18 09:08:00,17.95,17.96,17.95,17.96,3032
2026-08-18 09:09:00,17.95,17.97,17.95,17.95,21003
2026-08-18 09:10:00,17.95,17.96,17.95,17.95,14146
2026-08-18 09:11:00,17.94,17.95,17.93,17.93,6795
2026-08-18 09:12:00,17.93,17.94,17.92,17.92,9415
2026-08-18 09:13:00,17.92,17.93,17.92,17.92,14052
2026-08-18 09:14:00,17.92,17.93,17.92,17.93,21298
2026-08-18 09:15:00,17.94,17.95,17.94,17.94,4762
2026-08-18 09:16:00,17.94,17.94,17.94,17.94,200
2026-08-18 09:17:00,17.94,17.95,17.94,17.95,4344
2026-08-18 09:18:00,17.95,17.96,17.94,17.96,4600
2026-08-18 09:19:00,17.96,17.96,17.95,17.95,4266
2026-08-18 09:20:00,17.94,17.96,17.92,17.92,10592
2026-08-18 09:21:00,17.92,17.96,17.9,17.9,14765
2026-08-18 09:22:00,17.92,17.92,17.9,17.92,8116
2026-08-18 09:23:00,17.92,17.92,17.91,17.92,10269
2026-08-18 09:24:00,17.93,17.93,17.91,17.91,4774
2026-08-18 09:25:00,17.91,17.91,17.8,17.82,65750
2026-08-18 09:26:00,17.82,17.83,17.8,17.8,20976
2026-08-18 09:27:00,17.8,17.89,17.79,17.88,39810
2026-08-18 09:28:00,17.89,17.94,17.89,17.9,20834
2026-08-18 09:29:00,17.92,17.94,17.9,17.9,7660
2026-08-18 09:30:00,17.91,18.05,17.91,18.03,928614
2026-08-18 09:31:00,18.03,18.08,17.89,17.95,418336
2026-08-18 09:32:00,17.95,17.98,17.87,17.88,277442
2026-08-18 09:33:00,17.88,17.95,17.88,17.91,165747
2026-08-18 09:34:00,17.91,18.0,17.9,18.0,186002
2026-08-18 09:35:00,18.0,18.03,17.96,17.98,391289
2026-08-18 09:36:00,17.98,18.13,17.95,18.12,387957
2026-08-18 09:37:00,18.12,18.19,18.1,18.11,232258
2026-08-18 09:38:00,18.12,18.2,18.09,18.19,154759
2026-08-18 09:39:00,18.19,18.31,18.18,18.3,306179
2026-08-18 09:40:00,18.3,18.31,18.2,18.2,203449
2026-08-18 09:41:00,18.21,18.29,18.19,18.28,122289
2026-08-18 09:42:00,18.28,18.29,18.21,18.21,117876
2026-08-18 09:43:00,18.21,18.24,18.16,18.16,119118
2026-08-18 09:44:00,18.16,18.19,18.15,18.16,152145
2026-08-18 09:45:00,18.17,18.18,18.13,18.15,218341
2026-08-18 09:46:00,18.16,18.17,18.04,18.04,112038
2026-08-18 09:47:00,18.04,18.09,18.03,18.07,110937
2026-08-18 09:48:00,18.06,18.11,18.03,18.11,79491
2026-08-18 09:49:00,18.11,18.11,18.04,18.05,84257
2026-08-18 09:50:00,18.05,18.09,18.01,18.07,71287
2026-08-18 09:51:00,18.07,18.09,18.03,18.07,80245
2026-08-18 09:52:00,18.07,18.12,18.05,18.07,137060
2026-08-18 09:53:00,18.07,18.11,18.06,18.09,71985
2026-08-18 09:54:00,18.1,18.1,18.04,18.05,69947
2026-08-18 09:55:00,18.05,18.07,18.02,18.05,87533
2026-08-18 09:56:00,18.05,18.1,18.05,18.1,99884
2026-08-18 09:57:00,18.09,18.1,18.04,18.05,94641
2026-08-18 09:58:00,18.05,18.06,18.03,18.04,55177
2026-08-18 09:59:00,18.04,18.05,18.0,18.05,103716
2026-08-18 10:00:00,18.05,18.09,18.04,18.09,50299
2026-08-18 10:01:00,18.09,18.09,18.02,18.04,53572
2026-08-18 10:02:00,18.04,18.09,18.04,18.07,42912
2026-08-18 10:03:00,18.07,18.09,18.06,18.07,86019
2026-08-18 10:04:00,18.07,18.1,18.05,18.09,78863
2026-08-18 10:05:00,18.09,18.1,18.05,18.05,40999
2026-08-18 10:06:00,18.05,18.06,18.03,18.05,53736
2026-08-18 10:07:00,18.06,18.09,18.05,18.09,45395
2026-08-18 10:08:00,18.09,18.09,18.04,18.07,51804
2026-08-18 10:09:00,18.07,18.08,18.02,18.03,80136
2026-08-18 10:10:00,18.03,18.05,18.01,18.04,83068
2026-08-18 10:11:00,18.04,18.05,18.02,18.03,51655
2026-08-18 10:12:00,18.03,18.05,18.01,18.02,40258
2026-08-18 10:13:00,18.02,18.04,18.02,18.03,39573
2026-08-18 10:14:00,18.03,18.04,17.98,18.02,212653
2026-08-18 10:15:00,18.01,18.05,17.99,18.04,247778
2026-08-18 10:16:00,18.04,18.06,18.03,18.05,66790
2026-08-18 10:17:00,18.05,18.06,18.01,18.02,146531
2026-08-18 10:18:00,18.03,18.06,18.02,18.05,68411
2026-08-18 10:19:00,18.05,18.06,18.04,18.05,49849
2026-08-18 10:20:00,18.05,18.08,18.05,18.07,37796
2026-08-18 10:21:00,18.07,18.08,18.01,18.03,58313
2026-08-18 10:22:00,18.02,18.05,18.02,18.04,61182
2026-08-18 10:23:00,18.05,18.08,18.04,18.06,96870
2026-08-18 10:24:00,18.07,18.1,18.05,18.09,67182
2026-08-18 10:25:00,18.08,18.13,18.08,18.1,241072
2026-08-18 10:26:00,18.11,18.12,18.1,18.12,27315
2026-08-18 10:27:00,18.12,18.15,18.11,18.14,59621
2026-08-18 10:28:00,18.14,18.14,18.12,18.14,30919
2026-08-18 10:29:00,18.14,18.15,18.11,18.12,52640
2026-08-18 10:30:00,18.11,18.15,18.1,18.14,62764
2026-08-18 10:31:00,18.13,18.15,18.12,18.14,37937
2026-08-18 10:32:00,18.14,18.14,18.12,18.13,22746
2026-08-18 10:33:00,18.13,18.13,18.11,18.12,33474
2026-08-18 10:34:00,18.12,18.12,18.09,18.09,29328
2026-08-18 10:35:00,18.09,18.13,18.08,18.1,44776
2026-08-18 10:36:00,18.1,18.14,18.09,18.13,36783
2026-08-18 10:37:00,18.12,18.13,18.12,18.13,15180
2026-08-18 10:38:00,18.12,18.13,18.12,18.13,21144
2026-08-18 10:39:00,18.12,18.13,18.11,18.11,17844
2026-08-18 10:40:00,18.11,18.13,18.09,18.12,22867
2026-08-18 10:41:00,18.12,18.12,18.09,18.11,28716
2026-08-18 10:42:00,18.12,18.12,18.07,18.07,14134
2026-08-18 10:43:00,18.07,18.08,18.06,18.07,34597
2026-08-18 10:44:00,18.07,18.09,18.04,18.04,59494
2026-08-18 10:45:00,18.05,18.07,18.04,18.04,43471
2026-08-18 10:46:00,18.05,18.07,18.04,18.06,30088
2026-08-18 10:47:00,18.06,18.08,18.05,18.05,31500
2026-08-18 10:48:00,18.05,18.06,18.04,18.05,35472
2026-08-18 10:49:00,18.05,18.07,18.04,18.07,30471
2026-08-18 10:50:00,18.08,18.09,18.05,18.05,38203
2026-08-18 10:51:00,18.05,18.08,18.05,18.06,28661
2026-08-18 10:52:00,18.07,18.07,18.0,18.01,63855
2026-08-18 10:53:00,18.01,18.03,17.99,18.03,163570
2026-08-18 10:54:00,18.02,18.04,18.01,18.02,44257
2026-08-18 10:55:00,18.03,18.03,18.01,18.01,47883
2026-08-18 10:56:00,18.02,18.02,17.99,18.01,56956
2026-08-18 10:57:00,18.0,18.03,18.0,18.01,26669
2026-08-18 10:58:00,18.02,18.03,18.01,18.03,31679
2026-08-18 10:59:00,18.03,18.04,18.01,18.02,32624
2026-08-18 11:00:00,18.02,18.02,17.98,17.98,123770
2026-08-18 11:01:00,17.98,17.99,17.97,17.98,74988
2026-08-18 11:02:00,17.98,18.01,17.97,18.01,98140
2026-08-18 11:03:00,18.0,18.02,18.0,18.01,31857
2026-08-18 11:04:00,18.0,18.01,17.99,18.0,51373
2026-08-18 11:05:00,18.0,18.0,17.97,17.98,66118
2026-08-18 11:06:00,17.98,17.99,17.95,17.97,91482
2026-08-18 11:07:00,17.96,17.97,17.95,17.96,30787
2026-08-18 11:08:00,17.96,17.97,17.95,17.96,47797
2026-08-18 11:09:00,17.96,17.97,17.95,17.96,59438
2026-08-18 11:10:00,17.96,17.96,17.94,17.95,70881
2026-08-18 11:11:00,17.94,17.96,17.94,17.95,28884
2026-08-18 11:12:00,17.95,17.95,17.93,17.95,56010
2026-08-18 11:13:00,17.94,17.96,17.94,17.96,68617
2026-08-18 11:14:00,17.96,17.97,17.94,17.96,56183
2026-08-18 11:15:00,17.96,17.97,17.95,17.96,54415
2026-08-18 11:16:00,17.96,17.98,17.95,17.96,50842
2026-08-18 11:17:00,17.95,17.95,17.92,17.92,86510
2026-08-18 11:18:00,17.92,17.93,17.91,17.93,50611
2026-08-18 11:19:00,17.92,17.93,17.9,17.9,57675
2026-08-18 11:20:00,17.9,17.92,17.89,17.91,171634
2026-08-18 11:21:00,17.92,17.93,17.91,17.93,36945
2026-08-18 11:22:00,17.93,17.93,17.9,17.91,39679
2026-08-18 11:23:00,17.9,17.92,17.9,17.91,59413
2026-08-18 11:24:00,17.92,17.92,17.9,17.92,44126
2026-08-18 11:25:00,17.91,17.93,17.9,17.92,78716
2026-08-18 11:26:00,17.92,17.95,17.92,17.95,71867
2026-08-18 11:27:00,17.95,17.97,17.94,17.96,86519
2026-08-18 11:28:00,17.96,17.99,17.96,17.98,89438
2026-08-18 11:29:00,17.99,17.99,17.97,17.98,58888
2026-08-18 11:30:00,17.97,18.02,17.97,18.02,77922
2026-08-18 11:31:00,18.02,18.02,17.99,18.01,83401
2026-08-18 11:32:00,18.0,18.01,17.98,18.0,55409
2026-08-18 11:33:00,18.0,18.01,17.96,17.97,42652
2026-08-18 11:34:00,17.98,18.0,17.97,17.98,54575
2026-08-18 11:35:00,17.98,17.98,17.94,17.96,77794
2026-08-18 11:36:00,17.96,17.97,17.95,17.96,58396
2026-08-18 11:37:00,17.96,17.97,17.96,17.96,30567
2026-08-18 11:38:00,17.96,17.99,17.96,17.99,37284
2026-08-18 11:39:00,17.99,17.99,17.97,17.98,30504
2026-08-18 11:40:00,17.98,18.01,17.98,18.01,63959
2026-08-18 11:41:00,18.01,18.04,17.99,18.04,58509
2026-08-18 11:42:00,18.04,18.05,18.03,18.03,32945
2026-08-18 11:43:00,18.04,18.05,18.03,18.03,31284
2026-08-18 11:44:00,18.03,18.04,18.02,18.03,20006
2026-08-18 11:45:00,18.04,18.06,18.03,18.05,54175
2026-08-18 11:46:00,18.06,18.07,18.05,18.05,30936
2026-08-18 11:47:00,18.05,18.06,18.04,18.04,24328
2026-08-18 11:48:00,18.05,18.05,18.02,18.03,29572
2026-08-18 11:49:00,18.02,18.04,18.01,18.02,58630
2026-08-18 11:50:00,18.03,18.03,18.02,18.03,45256
2026-08-18 11:51:00,18.03,18.05,18.02,18.05,35742
2026-08-18 11:52:00,18.05,18.05,18.04,18.04,10860
2026-08-18 11:53:00,18.05,18.06,18.02,18.02,61149
2026-08-18 11:54:00,18.02,18.03,18.01,18.02,44760
2026-08-18 11:55:00,18.02,18.03,18.01,18.01,72263
2026-08-18 11:56:00,18.01,18.02,18.01,18.02,33612
2026-08-18 11:57:00,18.01,18.02,17.99,18.01,77657
2026-08-18 11:58:00,18.0,18.02,18.0,18.01,21233
2026-08-18 11:59:00,18.02,18.03,18.01,18.03,25396
2026-08-18 12:00:00,18.03,18.04,18.02,18.03,62513
2026-08-18 12:01:00,18.03,18.04,18.02,18.02,77851
2026-08-18 12:02:00,18.03,18.03,18.01,18.02,15908
2026-08-18 12:03:00,18.02,18.02,18.0,18.01,43525
2026-08-18 12:04:00,18.0,18.01,18.0,18.0,30403
2026-08-18 12:05:00,18.0,18.02,17.99,18.02,86681
2026-08-18 12:06:00,18.01,18.02,18.01,18.02,26677
2026-08-18 12:07:00,18.02,18.02,17.97,17.98,127538
2026-08-18 12:08:00,17.98,17.99,17.97,17.98,39954
2026-08-18 12:09:00,17.98,17.99,17.96,17.96,27423
2026-08-18 12:10:00,17.96,18.0,17.96,18.0,74210
2026-08-18 12:11:00,17.99,18.0,17.99,18.0,11048
2026-08-18 12:12:00,18.0,18.0,17.99,18.0,13653
2026-08-18 12:13:00,18.0,18.0,17.99,17.99,14451
2026-08-18 12:14:00,18.0,18.01,17.99,18.01,32832
2026-08-18 12:15:00,18.01,18.02,18.0,18.02,54301
2026-08-18 12:16:00,18.02,18.02,17.99,17.99,25567
2026-08-18 12:17:00,18.0,18.0,17.98,17.98,30933
2026-08-18 12:18:00,17.98,17.99,17.97,17.97,21600
2026-08-18 12:19:00,17.98,17.98,17.97,17.98,11835
2026-08-18 12:20:00,17.98,18.0,17.98,18.0,10095
2026-08-18 12:21:00,17.99,18.0,17.98,18.0,12665
2026-08-18 12:22:00,17.99,18.03,17.99,18.01,70727
2026-08-18 12:23:00,18.02,18.02,18.0,18.01,13816
2026-08-18 12:24:00,18.01,18.02,18.0,18.02,18955
2026-08-18 12:25:00,18.01,18.02,18.0,18.01,20002
2026-08-18 12:26:00,18.01,18.01,17.98,17.99,6666
2026-08-18 12:27:00,17.98,17.99,17.97,17.98,75486
2026-08-18 12:28:00,17.98,17.99,17.97,17.97,22973
2026-08-18 12:29:00,17.98,17.98,17.96,17.96,24397
2026-08-18 12:30:00,17.96,17.97,17.95,17.97,43759
2026-08-18 12:31:00,17.97,17.97,17.93,17.94,95591
2026-08-18 12:32:00,17.94,17.95,17.9,17.91,175991
2026-08-18 12:33:00,17.92,17.92,17.91,17.91,19136
2026-08-18 12:34:00,17.91,17.92,17.91,17.91,50935
2026-08-18 12:35:00,17.91,17.94,17.91,17.94,41675
2026-08-18 12:36:00,17.93,17.94,17.93,17.94,12655
2026-08-18 12:37:00,17.94,17.95,17.92,17.94,79850
2026-08-18 12:38:00,17.95,17.98,17.94,17.98,102761
2026-08-18 12:39:00,17.98,17.98,17.97,17.98,22128
2026-08-18 12:40:00,17.98,17.98,17.96,17.97,48927
2026-08-18 12:41:00,17.98,17.99,17.97,17.98,23279
2026-08-18 12:42:00,17.97,17.98,17.97,17.98,10018
2026-08-18 12:43:00,17.98,17.98,17.96,17.97,64016
2026-08-18 12:44:00,17.98,17.99,17.97,17.98,31729
2026-08-18 12:45:00,17.98,18.0,17.98,17.98,25177
2026-08-18 12:46:00,17.98,18.02,17.98,18.02,46542
2026-08-18 12:47:00,18.02,18.04,18.01,18.04,21438
2026-08-18 12:48:00,18.04,18.06,18.03,18.06,82566
2026-08-18 12:49:00,18.06,18.06,18.05,18.05,21510
2026-08-18 12:50:00,18.06,18.07,18.05,18.05,89564
2026-08-18 12:51:00,18.05,18.06,18.05,18.05,15676
2026-08-18 12:52:00,18.05,18.07,18.05,18.06,39001
2026-08-18 12:53:00,18.06,18.07,18.06,18.07,12077
2026-08-18 12:54:00,18.07,18.07,18.06,18.06,25958
2026-08-18 12:55:00,18.06,18.08,18.05,18.07,48594
2026-08-18 12:56:00,18.06,18.07,18.05,18.05,50941
2026-08-18 12:57:00,18.04,18.05,18.03,18.04,66814
2026-08-18 12:58:00,18.04,18.05,18.03,18.05,37748
2026-08-18 12:59:00,18.05,18.05,18.04,18.05,9755
2026-08-18 13:00:00,18.05,18.05,18.03,18.05,42531
2026-08-18 13:01:00,18.05,18.05,18.03,18.04,29443
2026-08-18 13:02:00,18.04,18.05,18.03,18.04,22841
2026-08-18 13:03:00,18.05,18.06,18.04,18.05,40001
2026-08-18 13:04:00,18.05,18.06,18.04,18.05,44151
2026-08-18 13:05:00,18.05,18.05,18.04,18.05,8990
2026-08-18 13:06:00,18.05,18.05,18.02,18.04,66779
2026-08-18 13:07:00,18.03,18.03,18.01,18.01,19301
2026-08-18 13:08:00,18.02,18.02,18.01,18.02,26171
2026-08-18 13:09:00,18.01,18.03,18.01,18.02,34773
2026-08-18 13:10:00,18.02,18.03,18.02,18.03,10622
2026-08-18 13:11:00,18.02,18.03,18.01,18.02,14834
2026-08-18 13:12:00,18.01,18.02,18.01,18.01,11556
2026-08-18 13:13:00,18.02,18.02,18.0,18.01,10994
2026-08-18 13:14:00,18.02,18.04,18.01,18.03,33624
2026-08-18 13:15:00,18.02,18.03,18.02,18.02,10090
2026-08-18 13:16:00,18.02,18.02,17.99,17.99,41732
2026-08-18 13:17:00,17.99,18.02,17.99,18.01,38807
2026-08-18 13:18:00,18.01,18.01,17.99,18.0,35860
2026-08-18 13:19:00,18.0,18.0,17.99,18.0,23481
2026-08-18 13:20:00,17.99,18.0,17.99,17.99,16634
2026-08-18 13:21:00,18.0,18.0,17.99,18.0,10041
2026-08-18 13:22:00,18.0,18.01,17.99,17.99,18840
2026-08-18 13:23:00,17.99,18.0,17.98,17.98,14608
2026-08-18 13:24:00,17.98,17.99,17.97,17.98,20925
2026-08-18 13:25:00,17.97,17.98,17.95,17.96,129678
2026-08-18 13:26:00,17.96,17.96,17.95,17.95,46740
2026-08-18 13:27:00,17.96,17.96,17.94,17.96,41556
2026-08-18 13:28:00,17.96,17.96,17.94,17.95,49348
2026-08-18 13:29:00,17.95,17.96,17.94,17.95,18733
2026-08-18 13:30:00,17.95,17.96,17.94,17.95,10656
2026-08-18 13:31:00,17.95,17.95,17.94,17.95,26388
2026-08-18 13:32:00,17.95,17.96,17.94,17.95,38609
2026-08-18 13:33:00,17.94,17.95,17.94,17.94,7214
2026-08-18 13:34:00,17.95,17.95,17.93,17.94,73042
2026-08-18 13:35:00,17.94,17.94,17.91,17.93,114104
2026-08-18 13:36:00,17.93,17.93,17.91,17.91,33443
2026-08-18 13:37:00,17.92,17.92,17.91,17.91,24721
2026-08-18 13:38:00,17.91,17.94,17.91,17.93,49908
2026-08-18 13:39:00,17.93,17.94,17.91,17.91,17806
2026-08-18 13:40:00,17.91,17.92,17.9,17.91,26704
2026-08-18 13:41:00,17.91,17.91,17.89,17.89,82658
2026-08-18 13:42:00,17.89,17.9,17.89,17.89,18382
2026-08-18 13:43:00,17.89,17.91,17.89,17.91,38337
2026-08-18 13:44:00,17.91,17.92,17.9,17.92,45432
2026-08-18 13:45:00,17.91,17.93,17.91,17.92,35633
2026-08-18 13:46:00,17.92,17.93,17.91,17.91,33847
2026-08-18 13:47:00,17.91,17.92,17.9,17.91,28643
2026-08-18 13:48:00,17.91,17.92,17.91,17.92,12140
2026-08-18 13:49:00,17.91,17.92,17.9,17.91,40084
2026-08-18 13:50:00,17.91,17.93,17.91,17.91,36547
2026-08-18 13:51:00,17.91,17.92,17.91,17.91,12799
2026-08-18 13:52:00,17.91,17.92,17.91,17.91,22922
2026-08-18 13:53:00,17.91,17.92,17.91,17.91,9673
2026-08-18 13:54:00,17.91,17.92,17.91,17.91,10063
2026-08-18 13:55:00,17.91,17.92,17.9,17.91,32321
2026-08-18 13:56:00,17.91,17.92,17.89,17.89,36879
2026-08-18 13:57:00,17.89,17.9,17.87,17.88,73174
2026-08-18 13:58:00,17.88,17.88,17.85,17.86,110703
2026-08-18 13:59:00,17.86,17.87,17.84,17.85,307476
2026-08-18 14:00:00,17.85,17.85,17.83,17.84,52585
2026-08-18 14:01:00,17.85,17.85,17.83,17.84,51396
2026-08-18 14:02:00,17.84,17.86,17.83,17.86,223808
2026-08-18 14:03:00,17.86,17.86,17.83,17.84,62853
2026-08-18 14:04:00,17.83,17.85,17.83,17.84,51042
2026-08-18 14:05:00,17.84,17.86,17.83,17.84,56302
2026-08-18 14:06:00,17.84,17.84,17.83,17.83,14874
2026-08-18 14:07:00,17.83,17.84,17.82,17.83,61406
2026-08-18 14:08:00,17.83,17.84,17.82,17.83,65381
2026-08-18 14:09:00,17.83,17.84,17.82,17.84,27256
2026-08-18 14:10:00,17.84,17.84,17.83,17.84,34094
2026-08-18 14:11:00,17.83,17.84,17.83,17.84,35212
2026-08-18 14:12:00,17.84,17.85,17.83,17.84,33189
2026-08-18 14:13:00,17.85,17.87,17.84,17.86,52184
2026-08-18 14:14:00,17.87,17.87,17.86,17.86,38053
2026-08-18 14:15:00,17.87,17.87,17.85,17.86,29604
2026-08-18 14:16:00,17.85,17.87,17.85,17.86,32799
2026-08-18 14:17:00,17.86,17.86,17.85,17.86,42409
2026-08-18 14:18:00,17.86,17.87,17.85,17.86,38196
2026-08-18 14:19:00,17.87,17.88,17.86,17.88,62896
2026-08-18 14:20:00,17.88,17.89,17.87,17.89,49019
2026-08-18 14:21:00,17.89,17.89,17.88,17.88,38139
2026-08-18 14:22:00,17.89,17.9,17.88,17.89,58228
2026-08-18 14:23:00,17.89,17.89,17.88,17.88,19302
2026-08-18 14:24:00,17.89,17.89,17.87,17.87,20297
2026-08-18 14:25:00,17.88,17.88,17.86,17.86,44359
2026-08-18 14:26:00,17.86,17.86,17.84,17.86,126080
2026-08-18 14:27:00,17.85,17.86,17.85,17.86,19406
2026-08-18 14:28:00,17.86,17.86,17.85,17.85,30940
2026-08-18 14:29:00,17.86,17.86,17.85,17.86,12895
2026-08-18 14:30:00,17.86,17.87,17.85,17.87,64868
2026-08-18 14:31:00,17.86,17.87,17.86,17.86,16394
2026-08-18 14:32:00,17.87,17.87,17.86,17.86,18029
2026-08-18 14:33:00,17.87,17.87,17.85,17.86,55840
2026-08-18 14:34:00,17.86,17.86,17.84,17.85,38599
2026-08-18 14:35:00,17.85,17.86,17.84,17.86,53173
2026-08-18 14:36:00,17.85,17.86,17.85,17.85,36880
2026-08-18 14:37:00,17.86,17.86,17.84,17.84,62900
2026-08-18 14:38:00,17.84,17.85,17.83,17.84,71727
2026-08-18 14:39:00,17.84,17.84,17.82,17.82,75869
2026-08-18 14:40:00,17.82,17.83,17.82,17.82,28644
2026-08-18 14:41:00,17.82,17.83,17.81,17.82,56885
2026-08-18 14:42:00,17.82,17.82,17.81,17.82,10535
2026-08-18 14:43:00,17.81,17.82,17.8,17.81,115720
2026-08-18 14:44:00,17.8,17.81,17.8,17.8,27828
2026-08-18 14:45:00,17.8,17.81,17.8,17.81,30941
2026-08-18 14:46:00,17.8,17.82,17.8,17.8,50964
2026-08-18 14:47:00,17.81,17.81,17.79,17.8,86301
2026-08-18 14:48:00,17.79,17.8,17.79,17.79,32881
2026-08-18 14:49:00,17.8,17.8,17.79,17.8,17789
2026-08-18 14:50:00,17.8,17.8,17.79,17.8,24897
2026-08-18 14:51:00,17.79,17.8,17.79,17.8,33097
2026-08-18 14:52:00,17.79,17.8,17.77,17.77,61069
2026-08-18 14:53:00,17.78,17.8,17.77,17.8,149737
2026-08-18 14:54:00,17.79,17.8,17.79,17.8,32687
2026-08-18 14:55:00,17.79,17.8,17.79,17.8,34211
2026-08-18 14:56:00,17.8,17.8,17.78,17.79,34522
2026-08-18 14:57:00,17.79,17.8,17.78,17.8,51235
2026-08-18 14:58:00,17.8,17.8,17.79,17.79,12933
2026-08-18 14:59:00,17.8,17.8,17.78,17.78,36587
2026-08-18 15:00:00,17.78,17.78,17.76,17.77,52366
2026-08-18 15:01:00,17.77,17.79,17.76,17.79,67483
2026-08-18 15:02:00,17.79,17.8,17.78,17.79,21276
2026-08-18 15:03:00,17.79,17.8,17.78,17.8,27683
2026-08-18 15:04:00,17.8,17.8,17.79,17.8,11941
2026-08-18 15:05:00,17.79,17.8,17.78,17.79,37384
2026-08-18 15:06:00,17.79,17.79,17.78,17.79,21750
2026-08-18 15:07:00,17.78,17.79,17.78,17.78,25589
2026-08-18 15:08:00,17.79,17.79,17.77,17.78,57001
2026-08-18 15:09:00,17.79,17.79,17.78,17.79,13532
2026-08-18 15:10:00,17.79,17.8,17.78,17.79,26912
2026-08-18 15:11:00,17.8,17.8,17.78,17.78,32635
2026-08-18 15:12:00,17.78,17.79,17.78,17.78,15146
2026-08-18 15:13:00,17.79,17.79,17.77,17.78,20260
2026-08-18 15:14:00,17.78,17.79,17.77,17.78,53062
2026-08-18 15:15:00,17.78,17.79,17.77,17.78,61045
2026-08-18 15:16:00,17.79,17.79,17.78,17.79,18142
2026-08-18 15:17:00,17.78,17.79,17.77,17.77,44626
2026-08-18 15:18:00,17.77,17.79,17.77,17.78,24717
2026-08-18 15:19:00,17.78,17.79,17.78,17.79,34349
2026-08-18 15:20:00,17.79,17.79,17.77,17.79,37966
2026-08-18 15:21:00,17.79,17.8,17.78,17.79,78611
2026-08-18 15:22:00,17.79,17.8,17.79,17.8,44187
2026-08-18 15:23:00,17.8,17.81,17.79,17.79,19096
2026-08-18 15:24:00,17.8,17.8,17.79,17.8,21168
2026-08-18 15:25:00,17.8,17.81,17.79,17.8,23984
2026-08-18 15:26:00,17.8,17.81,17.8,17.8,8659
2026-08-18 15:27:00,17.8,17.82,17.8,17.81,43831
2026-08-18 15:28:00,17.82,17.82,17.81,17.81,15309
2026-08-18 15:29:00,17.82,17.82,17.81,17.82,24884
2026-08-18 15:30:00,17.82,17.84,17.8,17.84,120876
2026-08-18 15:31:00,17.84,17.85,17.83,17.84,89143
2026-08-18 15:32:00,17.85,17.86,17.81,17.82,132992
2026-08-18 15:33:00,17.82,17.82,17.81,17.82,25248
2026-08-18 15:34:00,17.82,17.84,17.81,17.83,117617
2026-08-18 15:35:00,17.83,17.83,17.81,17.81,44848
2026-08-18 15:36:00,17.81,17.82,17.8,17.8,75183
2026-08-18 15:37:00,17.8,17.8,17.75,17.78,236085
2026-08-18 15:38:00,17.78,17.78,17.77,17.78,19557
2026-08-18 15:39:00,17.78,17.79,17.77,17.78,69746
2026-08-18 15:40:00,17.79,17.8,17.77,17.79,67136
2026-08-18 15:41:00,17.79,17.79,17.77,17.78,56440
2026-08-18 15:42:00,17.77,17.78,17.77,17.78,105790
2026-08-18 15:43:00,17.78,17.79,17.77,17.77,92355
2026-08-18 15:44:00,17.78,17.78,17.77,17.78,40690
2026-08-18 15:45:00,17.77,17.79,17.77,17.79,69453
2026-08-18 15:46:00,17.78,17.79,17.76,17.77,49959
2026-08-18 15:47:00,17.77,17.77,17.75,17.76,70851
2026-08-18 15:48:00,17.77,17.77,17.73,17.75,145474
2026-08-18 15:49:00,17.75,17.76,17.73,17.76,208376
2026-08-18 15:50:00,17.76,17.77,17.75,17.77,97597
2026-08-18 15:51:00,17.77,17.77,17.75,17.76,86937
2026-08-18 15:52:00,17.75,17.77,17.75,17.76,77971
2026-08-18 15:53:00,17.75,17.76,17.74,17.74,46972
2026-08-18 15:54:00,17.74,17.74,17.7,17.71,342511
2026-08-18 15:55:00,17.71,17.71,17.66,17.66,158583
2026-08-18 15:56:00,17.66,17.67,17.65,17.65,291473
2026-08-18 15:57:00,17.65,17.67,17.64,17.66,388219
2026-08-18 15:58:00,17.66,17.67,17.65,17.66,224631
2026-08-18 15:59:00,17.66,17.67,17.65,17.66,519457
2026-08-18 16:00:00,17.66,17.7,17.66,17.67,1596613
2026-08-18 16:01:00,17.68,17.7,17.68,17.69,14848
2026-08-18 16:02:00,17.69,17.69,17.67,17.69,10620
2026-08-18 16:03:00,17.67,17.69,17.67,17.67,31281
2026-08-18 16:04:00,17.68,17.68,17.66,17.68,4299
2026-08-18 16:05:00,17.67,17.68,17.67,17.68,18093
2026-08-18 16:06:00,17.67,17.68,17.67,17.67,2756
2026-08-18 16:07:00,17.68,17.68,17.67,17.68,4161
2026-08-18 16:08:00,17.67,17.68,17.67,17.68,10200
2026-08-18 16:09:00,17.68,17.68,17.67,17.67,11200
2026-08-18 16:10:00,17.67,17.68,17.66,17.67,19549
2026-08-18 16:11:00,17.67,17.67,17.66,17.67,10973
2026-08-18 16:12:00,17.66,17.68,17.66,17.67,1365
2026-08-18 16:13:00,17.67,17.69,17.67,17.67,5546
2026-08-18 16:14:00,17.68,17.69,17.68,17.69,5661
2026-08-18 16:15:00,17.69,17.69,17.68,17.69,5499
2026-08-18 16:16:00,17.69,17.69,17.67,17.67,2135
2026-08-18 16:17:00,17.67,17.68,17.67,17.67,900
2026-08-18 16:18:00,17.68,17.69,17.68,17.69,2382
2026-08-18 16:19:00,17.68,17.68,17.67,17.67,2559
2026-08-18 16:20:00,17.67,17.68,17.67,17.68,1050
2026-08-18 16:21:00,17.68,17.68,17.68,17.68,0
2026-08-18 16:22:00,17.68,17.68,17.67,17.68,11482
2026-08-18 16:23:00,17.68,17.68,17.67,17.67,5230
2026-08-18 16:24:00,17.67,17.7,17.67,17.68,1519
2026-08-18 16:25:00,17.68,17.68,17.68,17.68,1912
2026-08-18 16:26:00,17.68,17.68,17.68,17.68,150
2026-08-18 16:27:00,17.68,17.68,17.68,17.68,1050
2026-08-18 16:28:00,17.68,17.69,17.68,17.68,2575
2026-08-18 16:29:00,17.68,17.7,17.68,17.7,4275
2026-08-18 16:30:00,17.7,17.7,17.69,17.69,9613
2026-08-18 16:31:00,17.7,17.7,17.7,17.7,100
2026-08-18 16:32:00,17.7,17.7,17.69,17.69,863
2026-08-18 16:33:00,17.69,17.7,17.69,17.69,2905
2026-08-18 16:34:00,17.69,17.69,17.69,17.69,432
2026-08-18 16:35:00,17.69,17.7,17.69,17.7,2300
2026-08-18 16:36:00,17.7,17.7,17.7,17.7,200
2026-08-18 16:37:00,17.7,17.7,17.69,17.7,1644
2026-08-18 16:38:00,17.69,17.69,17.69,17.69,700
2026-08-18 16:39:00,17.69,17.7,17.69,17.69,434
2026-08-18 16:40:00,17.7,17.7,17.7,17.7,1750
2026-08-18 16:41:00,17.7,17.71,17.69,17.7,5624
2026-08-18 16:42:00,17.7,17.7,17.7,17.7,1300
2026-08-18 16:43:00,17.71,17.71,17.71,17.71,100
2026-08-18 16:44:00,17.71,17.71,17.71,17.71,250
2026-08-18 16:45:00,17.7,17.71,17.7,17.71,4200
2026-08-18 16:46:00,17.7,17.7,17.7,17.7,100
2026-08-18 16:47:00,17.71,17.71,17.7,17.7,6078
2026-08-18 16:48:00,17.71,17.71,17.7,17.7,1132
2026-08-18 16:49:00,17.7,17.7,17.7,17.7,4300
2026-08-18 16:50:00,17.71,17.74,17.71,17.72,10234
2026-08-18 16:51:00,17.74,17.74,17.7,17.7,3753
2026-08-18 16:52:00,17.71,17.71,17.7,17.71,3457
2026-08-18 16:53:00,17.7,17.7,17.7,17.7,200
2026-08-18 16:54:00,17.72,17.74,17.7,17.72,5642
2026-08-18 16:55:00,17.73,17.73,17.7,17.7,450
2026-08-18 16:56:00,17.72,17.72,17.72,17.72,200
2026-08-18 16:57:00,17.71,17.72,17.71,17.72,11276
2026-08-18 16:58:00,17.73,17.73,17.71,17.71,3952
2026-08-18 16:59:00,17.71,17.72,17.71,17.72,5405
2026-08-18 17:00:00,17.72,17.72,17.7,17.71,7256
2026-08-18 17:01:00,17.71,17.71,17.71,17.71,150
2026-08-18 17:02:00,17.7,17.71,17.7,17.71,11000
2026-08-18 17:03:00,17.7,17.7,17.7,17.7,950
2026-08-18 17:04:00,17.7,17.7,17.7,17.7,1100
2026-08-18 17:05:00,17.7,17.7,17.7,17.7,840
2026-08-18 17:06:00,17.7,17.7,17.7,17.7,0
2026-08-18 17:07:00,17.7,17.7,17.7,17.7,0
2026-08-18 17:08:00,17.71,17.71,17.71,17.71,3603
2026-08-18 17:09:00,17.71,17.71,17.71,17.71,500
2026-08-18 17:10:00,17.71,17.71,17.7,17.7,1466
2026-08-18 17:11:00,17.72,17.72,17.71,17.71,362
2026-08-18 17:12:00,17.72,17.72,17.72,17.72,4484
2026-08-18 17:13:00,17.72,17.72,17.72,17.72,0
2026-08-18 17:14:00,17.72,17.72,17.72,17.72,1000
2026-08-18 17:15:00,17.72,17.72,17.72,17.72,0
2026-08-18 17:16:00,17.73,17.73,17.72,17.72,6324
2026-08-18 17:17:00,17.72,17.72,17.71,17.71,1250
2026-08-18 17:18:00,17.72,17.72,17.72,17.72,750
2026-08-18 17:19:00,17.72,17.72,17.72,17.72,1303
2026-08-18 17:20:00,17.72,17.72,17.72,17.72,0
2026-08-18 17:21:00,17.71,17.71,17.71,17.71,840
2026-08-18 17:22:00,17.73,17.73,17.73,17.73,100
2026-08-18 17:23:00,17.73,17.73,17.73,17.73,0
2026-08-18 17:24:00,17.73,17.73,17.73,17.73,0
2026-08-18 17:25:00,17.72,17.72,17.72,17.72,100
2026-08-18 17:26:00,17.72,17.72,17.72,17.72,0
2026-08-18 17:27:00,17.72,17.72,17.72,17.72,0
2026-08-18 17:28:00,17.72,17.72,17.72,17.72,0
2026-08-18 17:29:00,17.72,17.72,17.7,17.7,1224
2026-08-18 17:30:00,17.7,17.71,17.7,17.71,880
2026-08-18 17:31:00,17.7,17.7,17.7,17.7,1111
2026-08-18 17:32:00,17.71,17.71,17.7,17.71,419
2026-08-18 17:33:00,17.71,17.71,17.71,17.71,100
2026-08-18 17:34:00,17.71,17.71,17.71,17.71,100
2026-08-18 17:35:00,17.71,17.71,17.71,17.71,0
2026-08-18 17:36:00,17.71,17.71,17.71,17.71,250
2026-08-18 17:37:00,17.71,17.71,17.71,17.71,0
2026-08-18 17:38:00,17.71,17.71,17.71,17.71,0
2026-08-18 17:39:00,17.7,17.7,17.7,17.7,150
2026-08-18 17:40:00,17.7,17.7,17.7,17.7,4000
2026-08-18 17:41:00,17.7,17.7,17.7,17.7,0
2026-08-18 17:42:00,17.71,17.71,17.7,17.71,1300
2026-08-18 17:43:00,17.71,17.71,17.71,17.71,0
2026-08-18 17:44:00,17.71,17.71,17.71,17.71,0
2026-08-18 17:45:00,17.7,17.71,17.7,17.7,799
2026-08-18 17:46:00,17.71,17.71,17.71,17.71,451
2026-08-18 17:47:00,17.7,17.7,17.7,17.7,3000
2026-08-18 17:48:00,17.7,17.71,17.7,17.71,1300
2026-08-18 17:49:00,17.71,17.71,17.7,17.7,1400
2026-08-18 17:50:00,17.7,17.71,17.7,17.71,549
2026-08-18 17:51:00,17.71,17.72,17.71,17.71,3321
2026-08-18 17:52:00,17.72,17.72,17.71,17.71,200
2026-08-18 17:53:00,17.7,17.7,17.7,17.7,269
2026-08-18 17:54:00,17.7,17.7,17.7,17.7,0
2026-08-18 17:55:00,17.71,17.72,17.71,17.72,12964
2026-08-18 17:56:00,17.72,17.73,17.72,17.73,7988
2026-08-18 17:57:00,17.73,17.73,17.73,17.73,11083
2026-08-18 17:58:00,17.73,17.74,17.71,17.71,4468
2026-08-18 17:59:00,17.74,17.74,17.74,17.74,300
2026-08-18 18:00:00,17.74,17.74,17.72,17.72,2015
2026-08-18 18:01:00,17.74,17.74,17.74,17.74,5243
2026-08-18 18:02:00,17.74,17.74,17.74,17.74,100
2026-08-18 18:03:00,17.74,17.74,17.74,17.74,0
2026-08-18 18:04:00,17.73,17.73,17.73,17.73,600
2026-08-18 18:05:00,17.73,17.73,17.73,17.73,1620
2026-08-18 18:06:00,17.73,17.73,17.73,17.73,500
2026-08-18 18:07:00,17.72,17.72,17.72,17.72,300
2026-08-18 18:08:00,17.72,17.72,17.72,17.72,0
2026-08-18 18:09:00,17.73,17.73,17.73,17.73,2000
2026-08-18 18:10:00,17.72,17.72,17.72,17.72,100
2026-08-18 18:11:00,17.71,17.72,17.71,17.72,369
2026-08-18 18:12:00,17.72,17.72,17.72,17.72,0
2026-08-18 18:13:00,17.73,17.73,17.73,17.73,590
2026-08-18 18:14:00,17.74,17.74,17.71,17.74,5850
2026-08-18 18:15:00,17.72,17.72,17.71,17.71,600
2026-08-18 18:16:00,17.71,17.71,17.71,17.71,600
2026-08-18 18:17:00,17.72,17.72,17.72,17.72,100
2026-08-18 18:18:00,17.72,17.72,17.72,17.72,500
2026-08-18 18:19:00,17.72,17.72,17.72,17.72,200
2026-08-18 18:20:00,17.72,17.72,17.72,17.72,0
2026-08-18 18:21:00,17.72,17.72,17.72,17.72,310
2026-08-18 18:22:00,17.72,17.72,17.72,17.72,3000
2026-08-18 18:23:00,17.74,17.74,17.72,17.72,400
2026-08-18 18:24:00,17.72,17.72,17.72,17.72,0
2026-08-18 18:25:00,17.72,17.74,17.72,17.72,3698
2026-08-18 18:26:00,17.73,17.73,17.73,17.73,390
2026-08-18 18:27:00,17.74,17.74,17.72,17.72,1587
2026-08-18 18:28:00,17.73,17.73,17.73,17.73,150
2026-08-18 18:29:00,17.72,17.72,17.72,17.72,638
2026-08-18 18:30:00,17.73,17.73,17.71,17.71,1840
2026-08-18 18:31:00,17.71,17.71,17.71,17.71,0
2026-08-18 18:32:00,17.72,17.72,17.72,17.72,100
2026-08-18 18:33:00,17.72,17.72,17.72,17.72,0
2026-08-18 18:34:00,17.71,17.71,17.71,17.71,100
2026-08-18 18:35:00,17.72,17.72,17.71,17.71,1350
2026-08-18 18:36:00,17.71,17.73,17.71,17.73,1650
2026-08-18 18:37:00,17.73,17.73,17.73,17.73,0
2026-08-18 18:38:00,17.72,17.73,17.72,17.73,700
2026-08-18 18:39:00,17.73,17.73,17.73,17.73,150
2026-08-18 18:40:00,17.71,17.72,17.71,17.71,550
2026-08-18 18:41:00,17.71,17.71,17.71,17.71,0
2026-08-18 18:42:00,17.71,17.71,17.71,17.71,200
2026-08-18 18:43:00,17.71,17.71,17.71,17.71,0
2026-08-18 18:44:00,17.72,17.72,17.72,17.72,9712
2026-08-18 18:45:00,17.72,17.72,17.72,17.72,0
2026-08-18 18:46:00,17.72,17.72,17.71,17.71,1823
2026-08-18 18:47:00,17.71,17.73,17.71,17.72,5314
2026-08-18 18:48:00,17.73,17.73,17.71,17.71,3658
2026-08-18 18:49:00,17.71,17.71,17.71,17.71,150
2026-08-18 18:50:00,17.72,17.72,17.72,17.72,130
2026-08-18 18:51:00,17.74,17.74,17.74,17.74,100
2026-08-18 18:52:00,17.74,17.74,17.74,17.74,0
2026-08-18 18:53:00,17.72,17.72,17.72,17.72,1315
2026-08-18 18:54:00,17.72,17.72,17.71,17.71,7069
2026-08-18 18:55:00,17.71,17.72,17.7,17.7,1614
2026-08-18 18:56:00,17.7,17.71,17.7,17.71,1595
2026-08-18 18:57:00,17.71,17.71,17.71,17.71,164
2026-08-18 18:58:00,17.71,17.71,17.71,17.71,120
2026-08-18 18:59:00,17.71,17.71,17.71,17.71,100
2026-08-18 19:00:00,17.72,17.72,17.72,17.72,100
2026-08-18 19:01:00,17.72,17.72,17.72,17.72,0
2026-08-18 19:02:00,17.71,17.71,17.71,17.71,116
2026-08-18 19:03:00,17.71,17.71,17.71,17.71,200
2026-08-18 19:04:00,17.72,17.72,17.7,17.7,200
2026-08-18 19:05:00,17.7,17.72,17.7,17.72,4317
2026-08-18 19:06:00,17.72,17.73,17.7,17.73,7247
2026-08-18 19:07:00,17.72,17.73,17.72,17.73,3558
2026-08-18 19:08:00,17.73,17.73,17.72,17.73,5550
2026-08-18 19:09:00,17.72,17.73,17.72,17.73,5200
2026-08-18 19:10:00,17.74,17.74,17.73,17.74,3031
2026-08-18 19:11:00,17.74,17.74,17.74,17.74,0
2026-08-18 19:12:00,17.71,17.71,17.71,17.71,115
2026-08-18 19:13:00,17.71,17.71,17.71,17.71,100
2026-08-18 19:14:00,17.71,17.71,17.71,17.71,5000
2026-08-18 19:15:00,17.71,17.71,17.71,17.71,600
2026-08-18 19:16:00,17.7,17.7,17.7,17.7,9877
2026-08-18 19:17:00,17.71,17.71,17.71,17.71,400
2026-08-18 19:18:00,17.71,17.71,17.71,17.71,500
2026-08-18 19:19:00,17.71,17.71,17.71,17.71,999
2026-08-18 19:20:00,17.71,17.71,17.71,17.71,2222
2026-08-18 19:21:00,17.71,17.72,17.71,17.72,500
2026-08-18 19:22:00,17.71,17.71,17.71,17.71,627
2026-08-18 19:23:00,17.71,17.71,17.71,17.71,1904
2026-08-18 19:24:00,17.71,17.71,17.71,17.71,0
2026-08-18 19:25:00,17.71,17.71,17.71,17.71,0
2026-08-18 19:26:00,17.71,17.71,17.71,17.71,175
2026-08-18 19:27:00,17.71,17.72,17.71,17.71,1844
2026-08-18 19:28:00,17.71,17.71,17.71,17.71,0
2026-08-18 19:29:00,17.71,17.71,17.71,17.71,0
2026-08-18 19:30:00,17.71,17.71,17.71,17.71,0
2026-08-18 19:31:00,17.71,17.71,17.71,17.71,0
2026-08-18 19:32:00,17.71,17.71,17.71,17.71,100
2026-08-18 19:33:00,17.71,17.71,17.71,17.71,0
2026-08-18 19:34:00,17.72,17.72,17.72,17.72,100
2026-08-18 19:35:00,17.72,17.72,17.72,17.72,0
2026-08-18 19:36:00,17.72,17.72,17.72,17.72,0
2026-08-18 19:37:00,17.72,17.72,17.71,17.71,1500
2026-08-18 19:38:00,17.72,17.72,17.72,17.72,500
2026-08-18 19:39:00,17.72,17.73,17.72,17.73,4208
2026-08-18 19:40:00,17.74,17.74,17.74,17.74,3035
2026-08-18 19:41:00,17.71,17.71,17.71,17.71,100
2026-08-18 19:42:00,17.71,17.72,17.71,17.72,616
2026-08-18 19:43:00,17.74,17.74,17.74,17.74,4064
2026-08-18 19:44:00,17.74,17.74,17.74,17.74,0
2026-08-18 19:45:00,17.74,17.75,17.72,17.75,564
2026-08-18 19:46:00,17.75,17.75,17.75,17.75,0
2026-08-18 19:47:00,17.75,17.75,17.75,17.75,0
2026-08-18 19:48:00,17.73,17.74,17.73,17.74,800
2026-08-18 19:49:00,17.75,17.75,17.74,17.74,3872
2026-08-18 19:50:00,17.74,17.74,17.74,17.74,0
2026-08-18 19:51:00,17.73,17.74,17.72,17.73,5559
2026-08-18 19:52:00,17.73,17.74,17.71,17.71,2467
2026-08-18 19:53:00,17.71,17.73,17.71,17.73,3788
2026-08-18 19:54:00,17.73,17.74,17.73,17.74,1120
2026-08-18 19:55:00,17.75,17.75,17.75,17.75,3571
2026-08-18 19:56:00,17.74,17.75,17.73,17.74,4368
2026-08-18 19:57:00,17.75,17.76,17.75,17.76,4602
2026-08-18 19:58:00,17.74,17.74,17.74,17.74,1433
2026-08-18 19:59:00,17.74,17.76,17.74,17.75,5470
